A,133.23,124.41
AA,35.15,61.33
AAC,9.81,9.8
AACG,2.77,0.99
AADI,1.69,13.91
AAIC,4.01,3.42
AAL,23.21,15.5
AAMC,17.75,10.11
AAME,4.09,2.65
AAN,34.21,17.66
AAOI,7.71,2.16
AAON,65.96,50.99
AAP,188,180.23
AAPL,126.9,140.36
AAQC,9.64,9.74
AAT,35.14,32.77
AATC,7.54,5.5
AAU,0.56,0.27
AAWW,73.22,65.8
AB,43.69,39.63
ABB,33.67,30.1
ABBV,114.56,149.11
ABC,114.99,153.08
ABCB,53.17,43.6
ABCL,32.56,7.26
ABCM,20.09,13.98
ABEO,1.49,0.15
ABEV,3.3,2.89
ABG,193.84,168.84
ABIO,3.27,2.3
ABM,49.26,46.57
ABMD,283.88,249.19
ABNB,133.99,106.24
ABR,17.44,16.2
ABST,14.05,8.77
ABT,118.4,113.77
ABTX,39.01,38.91
ABUS,2.67,2.19
ABVC,5.5,2.01
AC,35.95,38.2
ACA,61.58,51.86
ACAD,21.28,15.98
ACAH,9.66,9.76
ACAHU,9.89,9.8
ACAHW,0.68,0.14
ACB,8.07,2.57
ACBAW,0.75,0.06
ACC,46.69,64.7
ACCD,46.6,5.71
ACCO,9.08,7.18
ACEL,12.82,9.99
ACER,2.73,2.2
ACET,13.89,10.58
ACEV,9.97,10.03
ACEVW,1.95,0.25
ACGL,39.17,46.13
ACGLO,26.43,22.98
ACH,13.99,10.61
ACHC,62.09,70.92
ACHL,13,2.51
ACHR,9.92,3.33
ACHV,7.31,6.67
ACI,18.8,29.29
ACII,9.75,9.8
ACIU,6.39,3.25
ACIW,39.57,25.55
ACLS,40.15,54.16
ACM,64.54,68.14
ACMR,22.66,12.69
ACN,285.99,279.31
ACNB,27.6,32.05
ACOR,3.67,0.44
ACP,11.35,8.31
ACQRU,10,9.78
ACR,15.48,9.75
ACRE,14.92,14.65
ACRS,21.74,11.92
ACRX,1.23,0.22
ACST,3.91,0.91
ACTD,9.83,9.89
ACTDU,10.01,10.03
ACTG,5.45,4.33
ACU,43,32.82
ACV,32.52,20.17
ACVA,25.9,7.56
ADAG,13,2.82
ADAP,4.83,1.47
ADBE,505.08,398.41
ADC,70.38,70.33
ADCT,20.71,7.05
ADERU,10.05,10.2
ADERW,0.89,0.48
ADES,7.17,5.04
ADEX,9.65,9.83
ADI,163.72,161.85
ADIL,2.5,1.31
ADM,66.59,87.76
ADMA,1.64,1.84
ADMP,0.67,0.41
ADN,9.72,1.36
ADNT,46.68,30.44
ADNWW,1.37,0.25
ADOC,10,10.2
ADOCW,0.27,0.04
ADP,195.2,212.73
ADPT,37.42,7.47
ADRA,9.68,9.85
ADSE,9.72,5.69
ADSEW,0.74,0.48
ADSK,289.47,179.55
ADT,10.17,6.93
ADTH,9.75,8.76
ADTHW,0.82,1.05
ADTN,19.52,18.04
ADTX,2.66,0.26
ADUS,95.02,85.18
ADV,12.24,4.11
ADVM,3.4,0.84
ADVWW,3.38,0.42
ADX,19.14,15.71
ADXN,9.99,3.31
AE,26.32,34.49
AEAC,9.66,9.83
AEACU,9.98,9.85
AEACW,0.68,0.16
AEE,83.72,95.51
AEF,8.8,5.6
AEG,4.63,5.34
AEHL,2.55,0.73
AEHR,2.09,7.04
AEI,3.71,0.29
AEIS,100.19,74.65
AEL,29.21,38.77
AEM,72.3,55.04
AEMD,1.72,1.46
AENZ,1.53,1.35
AEO,33.26,12.11
AEP,85.93,102.22
AEPPZ,50.43,56.64
AER,56.67,45.84
AERI,16.54,5.93
AES,25.34,21.24
AESC,104.07,86.54
AESE,2.26,1.43
AEVA,8.91,2.68
AEY,2.36,1.35
AEYE,17.2,3.33
AEZS,0.84,0.2
AFAQW,0.75,0.16
AFB,14.77,11.54
AFBI,12.52,14.87
AFCG,22.8,17.49
AFG,129.75,133.78
AFGB,27.88,24.89
AFGC,27.01,22.02
AFGD,28.18,23.3
AFGE,27,19.15
AFIB,14,0.69
AFL,55.76,57.08
AFMD,8.7,3.12
AFRM,54.04,20.76
AFT,15.34,13.18
AFYA,21.73,10.71
AG,17.83,8.24
AGAC,9.68,9.79
AGBA,10.65,11.29
AGCB,10.29,9.83
AGCO,135.42,120.41
AGD,12.01,9.58
AGE,1.2,0.73
AGEN,4.01,1.44
AGFS,2.2,1.79
AGFY,8.77,2.27
AGGR,9.88,9.77
AGGRU,10.05,9.81
AGI,9.14,7.76
AGILW,0.68,0.36
AGIO,55.86,19.47
AGL,34.56,18.8
AGLE,6.68,1.37
AGM,98.83,102.4
AGMH,11.8,2.2
AGNC,18.53,11.92
AGNCM,25.65,21.94
AGNCN,25.97,23.3
AGNCO,25.5,22
AGNCP,24.94,21.15
AGO,45.8,55.94
AGR,52.19,48.61
AGRO,10.48,10.72
AGRX,64.4,1.38
AGS,9.95,4.97
AGTC,3.97,0.84
AGTI,19.34,17.86
AGX,48.35,39.72
AGYS,50.61,37.89
AHCO,26.02,17.35
AHG,1.37,0.81
AHH,12.9,13.46
AHPI,3.54,1.97
AHT,34.8,4.8
AI,57.88,16.94
AIF,15.32,12.59
AIG,50.8,56.51
AIH,7.92,2.05
AIHS,7.59,0.89
AIKI,1.03,0.31
AIM,2.04,0.94
AIMC,64.01,35.84
AIN,82.72,81.64
AINC,15.32,15.43
AINV,13.71,11.95
AIO,26.68,16.79
AIR,39.42,46.46
AIRC,46.13,43.91
AIRG,19.26,10.21
AIRI,1.19,0.69
AIRT,22.29,16.33
AIRTP,25.3,23
AIT,96.3,98.5
AIU,41,1.52
AIV,7,6.06
AIZ,157.34,180.75
AIZN,26.33,21.41
AJG,144.4,157.76
AJRD,47.87,40.44
AJX,12.54,10.09
AJXA,25.72,25.45
AKAM,115.16,99.56
AKBA,3.29,0.32
AKIC,9.8,9.86
AKICW,0.73,0.7
AKR,20.91,18.33
AKRO,25.73,8.23
AKTS,9.01,3.36
AKTX,1.8,1.12
AKU,2.65,0.89
AKUS,11.87,2.55
AKYA,21.84,9.92
AL,45.65,35.07
ALB,158.02,243.15
ALBO,31.2,20.86
ALC,68.91,73.28
ALCO,31.34,42.26
ALDX,11.36,2.69
ALE,68.7,61.53
ALEC,17.62,8.79
ALEX,18.28,20.76
ALF,3,1.19
ALFIW,0.48,0.38
ALG,150.41,112.99
ALGM,25.58,23.73
ALGN,594.95,270.18
ALGS,28.97,1.15
ALGT,219.91,132.06
ALHC,24.01,10.39
ALIM,9.9,5.9
ALJJ,1.44,2.07
ALK,68.25,44.21
ALKS,21.59,28.35
ALKT,33.3,12.35
ALL,135.15,128.83
ALLE,139.24,108.01
ALLK,99.83,2.67
ALLO,24.76,7.34
ALLT,18.52,5.3
ALLY,53.08,39.26
ALNA,1.11,0.11
ALNY,139.4,127.05
ALOT,16.64,12.39
ALPN,10.47,8.34
ALPP,3.34,0.69
ALR,5.87,1.2
ALRM,81.23,62.59
ALRN,1.21,0.4
ALRS,31.5,25.94
ALSN,42.78,37.7
ALT,11.8,4.72
ALTG,14.53,10.61
ALTO,6.22,4.26
ALTR,65.49,51.76
ALTU,9.75,9.98
ALTUU,9.93,10.02
ALTUW,0.71,0.17
ALV,103.23,73.85
ALVR,21.51,3.89
ALX,262.98,238.35
ALXO,52.2,7.75
ALYA,2.14,2.01
AM,9.7,10.36
AMAL,15.83,19.96
AMAO,9.85,10.15
AMAOW,0.45,0.15
AMAT,137.5,106.59
AMBA,98.32,73.19
AMBC,14.42,9.89
AMBO,2.29,0.66
AMC,16.41,10.39
AMCR,11.72,12.96
AMCX,49.89,38.51
AMD,77.86,91.16
AME,133.12,118.49
AMED,259.78,117.21
AMEH,34.13,34.14
AMG,158,124.55
AMGN,242,251.89
AMH,37.62,37.54
AMK,25.46,19.64
AMKR,20.54,18.7
AMN,88.24,88.13
AMNB,33.35,34.8
AMOT,34.88,22.12
AMOV,14.91,21.57
AMP,253.5,260.63
AMPE,1.85,0.17
AMPG,4.11,1.98
AMPH,19.38,33.94
AMPS,9.84,6.79
AMPY,3.56,7.78
AMR,16.03,168.8
AMRC,51.63,55.68
AMRK,52.95,70.58
AMRN,4.35,1.31
AMRS,13.41,2.18
AMRX,5.57,3.3
AMS,2.53,2.25
AMSC,13.97,5
AMSF,64.06,48.51
AMST,2.29,0.62
AMSWA,19.93,16.45
AMT,253.37,258.52
AMTB,22.56,28.39
AMTD,6.8,1.38
AMTI,44.73,3.13
AMTX,11.27,7.08
AMWD,93.67,48.84
AMWL,11.9,3.1
AMX,15.03,21.75
AMYT,11.72,7.73
AMZN,3259.05,2082
AN,99.95,110.2
ANAB,24,19.98
ANAC,9.72,9.77
ANAT,148.2,190.02
ANDE,30.44,36.51
ANET,84.58,99.69
ANF,38.05,19.09
ANGH,9.95,5.81
ANGI,14,4.57
ANGN,14.65,1.23
ANGO,23.85,18.85
ANIK,43.78,21.03
ANIP,33.65,28.71
ANIX,3.86,3.29
ANNX,20.57,3.2
ANPC,4.77,0.32
ANSS,339.19,248.22
ANTE,3.36,1.2
ANTM,395.15,505.29
ANVS,48.8,8.61
ANY,1.37,0.94
ANZUU,9.95,9.79
AOD,10.17,8.32
AON,252.31,268.14
AORT,29.46,18.29
AOS,69.16,58.35
AOSL,30.24,37.24
AOUT,30.83,10.46
AP,6.52,4.47
APA,19.94,43.62
APAM,50.24,35.73
APD,301.05,236.82
APDN,5.79,1.17
APEI,28,13.75
APEN,6.97,3.84
APG,20.5,17.35
APGB,9.83,9.77
APH,66.96,68.99
API,42.68,5.38
APLD,7.62,3.66
APLE,15.33,15.34
APLS,48.3,42.55
APLT,18.65,1.47
APM,2.62,1.05
APO,56.62,53.58
APOG,37.15,40.15
APP,69.95,33.12
APPF,136.58,97.67
APPH,15.62,2.92
APPHW,5.46,0.37
APPN,83.06,41.57
APPS,61.76,22.15
APRE,4.07,0.67
APRN,4.63,2.98
APSG,9.74,7.61
APT,8.17,4.55
APTO,5.18,0.96
APTS,9.62,24.94
APTV,141.86,91.07
APTX,2.55,0.56
APVO,25.26,4.75
APWC,3.58,1.2
APYX,9.55,3.44
AQB,5.14,1.23
AQMS,2.47,0.73
AQN,15.44,14.61
AQNA,27.89,25.75
AQNB,28.28,24.55
AQST,3.38,1
AQUA,30.11,35.22
AR,12.28,40.05
ARAV,4.91,1.08
ARAY,4.34,2.14
ARBG,9.7,9.85
ARC,1.99,2.92
ARCB,75.73,68
ARCC,19.08,18.47
ARCE,23.74,15.64
ARCH,54.2,169.84
ARCO,6.09,7.43
ARCT,27.7,16.63
ARDC,15.65,12.72
ARDS,5.83,1.01
ARDX,6.96,0.6
ARE,178.35,160.25
AREB,6.8,0.69
AREC,2.63,1.54
AREN,17.16,9.81
ARES,54.44,66.4
ARGD,25.75,23.87
ARGO,52.74,41.61
ARGX,268.75,313.48
ARI,15.21,12.18
ARKO,10.5,8.52
ARKR,20,16.84
ARL,10.78,18.53
ARLO,6.65,6.5
ARLP,5.85,19.98
ARMK,37.09,31.75
ARMP,4.38,4.16
ARNC,34.93,27.6
AROC,8.96,9.46
AROW,34.02,32.27
ARQQ,9.85,5.96
ARQQW,0.95,0.94
ARQT,25.14,22.2
ARR,11.9,7.48
ARRY,15.3,9.22
ARTL,1.17,0.33
ARTNA,40.7,48.73
ARTW,3.18,2.38
ARVL,19.29,1.68
ARVN,65.21,41.28
ARW,122.07,114.02
ARWR,73.87,33.8
ASA,24.26,18.88
ASAI,16.46,16.35
ASAN,35.86,18.53
ASAQ,9.68,9.9
ASAX,9.72,9.78
ASAXW,0.52,0.05
ASB,22.32,20.06
ASC,4.56,7.38
ASG,8.85,5.62
ASGI,20.6,18.63
ASGN,101.95,100.48
ASH,90.23,99.82
ASIX,31.06,43.6
ASLE,11.87,14.1
ASLN,2.87,0.41
ASM,1.32,0.69
ASMB,3.8,1.68
ASML,672.29,546.43
ASND,132.59,90.5
ASO,33.38,27.61
ASPC,9.67,9.91
ASPCW,0.6,0.36
ASPN,19.12,15.71
ASPS,6.53,10.85
ASPU,5.73,0.96
ASR,177.88,212.13
ASRT,1.52,2.9
ASRV,4.18,4.01
ASTC,1.1,0.49
ASTE,64.74,45.33
ASTL,9.91,9.13
ASTLW,1.08,2.18
ASTR,9.92,2.35
ASTS,7.32,7.13
ASTSW,2.5,2.38
ASUR,8.5,5.99
ASX,7.77,6.55
ASXC,2.03,0.38
ASYS,9.39,7.92
ASZ,9.73,9.79
ATA,10.01,10.27
ATAX,18.9,18.42
ATC,22.33,19.63
ATCO,13.5,12.6
ATCOL,26.23,25.39
ATCX,11.45,8.25
ATEC,15.04,7.24
ATEN,9.5,14.73
ATER,17.39,2.99
ATEX,47.67,42.43
ATGE,35.65,31.48
ATHA,18,9.01
ATHE,1.26,0.65
ATHM,77.34,28.6
ATHX,1.63,0.2
ATI,22.44,26.18
ATIP,9.99,1.83
ATKR,75.07,97.74
ATLC,39.07,34.06
ATLO,24.87,22.8
ATNF,8.03,1.24
ATNFW,1.66,0.25
ATNI,46.51,43.92
ATNM,7.37,5.57
ATNX,4.53,0.5
ATO,98.29,116.03
ATOM,16.5,11.09
ATOS,3.06,0.88
ATR,147.73,104.95
ATRA,13.23,4.69
ATRC,71.58,41.34
ATRI,610.18,624.5
ATRO,16.06,9.9
ATSG,23.83,28.78
ATTO,20.62,9.58
ATUS,36.43,10.2
ATVCW,0.99,0.29
ATVI,96.57,77.03
ATXI,4.53,0.27
ATXS,11.4,3.12
ATY,10.11,2.27
AU,25.15,17.98
AUB,39.56,34.26
AUBAP,27.63,25.84
AUBN,38.19,29.4
AUD,4.19,1.55
AUDC,32.05,22.2
AUGX,4.9,2.02
AUID,7.5,2.94
AUMN,0.75,0.37
AUPH,13.25,11.31
AUR,9.83,2.95
AURC,9.9,9.8
AURCW,1.31,0.21
AUROW,1.4,0.67
AUS,9.89,9.79
AUTL,6.19,2.6
AUTO,2.9,0.53
AUUD,2.24,0.87
AUVI,7.74,0.97
AUY,5.16,5.39
AVA,45.41,43.47
AVAH,11.29,3
AVAL,5.72,4.12
AVAN,9.73,9.89
AVAV,107.34,83.79
AVB,204.4,205.01
AVCO,1.11,0.5
AVCT,5.97,0.36
AVCTW,0.41,0.05
AVD,18.17,23.01
AVDL,7.57,3.68
AVEO,6.78,4
AVGO,459.54,524.2
AVGOP,1485,1643.55
AVGR,19.43,2.01
AVID,29.83,25.7
AVIR,19.52,7.53
AVK,18.41,13.12
AVLR,131.35,77.06
AVNS,40.25,27.39
AVNT,50.76,46.93
AVNW,34.58,28.2
AVO,20.11,13.2
AVPT,10.16,5.31
AVPTW,2.25,0.92
AVRO,8.15,0.84
AVT,44.3,45.39
AVTR,31.51,31.4
AVTX,2.59,0.32
AVXL,11.1,9.04
AVY,216.97,162.83
AVYA,27,3.22
AWF,12.14,9.92
AWH,5.37,0.45
AWI,103.22,80.62
AWK,154.92,148.47
AWP,6.46,5.22
AWR,78.99,79.99
AWRE,3.55,2.69
AWX,4,2.96
AX,45.13,36.3
AXDX,6.89,0.58
AXGN,20.56,9.18
AXL,10.47,6.8
AXLA,3.08,1.6
AXNX,55.98,49.64
AXON,130.73,92.56
AXP,158.01,155.63
AXR,14.4,12.06
AXS,52.49,56.18
AXSM,54.68,26.05
AXTA,31.39,25.34
AXTI,9.88,5.14
AXU,3.09,0.73
AY,36.71,32.92
AYI,176.25,164.49
AYLA,9.62,1.87
AYRO,4.6,0.97
AYTU,4.91,0.56
AYX,75.15,52.47
AZ,7.89,3.43
AZEK,42.76,19.24
AZN,56.91,66.65
AZO,1420.56,1910.22
AZPN,143.85,190
AZRE,20.46,13.89
AZTA,96.08,69.17
AZUL,23.66,12.94
AZYO,12.13,6.06
AZZ,52.33,43.55
B,50.36,34.67
BA,240.74,119.4
BABA,211.13,82.47
BAC,42.01,35.65
BAH,85.03,84.86
BAK,18.9,18.36
BALL,85.87,70.11
BALY,55.15,23.9
BAM,48.99,46.84
BAMH,24.94,17.7
BAMI,24.65,17.43
BANC,17.2,18.36
BAND,115.39,19.63
BANF,66.67,85.04
BANR,56.02,55.85
BANX,21.65,19.32
BAOS,9.6,1.24
BAP,130.58,138.33
BARK,9.95,2.26
BATL,12.25,16.17
BATRA,27.71,25.52
BATRK,27.13,24.55
BAX,82.35,73.9
BB,8.59,5.74
BBAI,9.71,6.11
BBAR,2.95,3.15
BBBY,23.74,7.81
BBCP,7.92,5.21
BBD,4.34,4.19
BBDC,10.55,10.16
BBDO,3.78,3.44
BBGI,2.72,1.45
BBI,0.82,0.15
BBIG,3.28,2.91
BBIO,57.68,6.72
BBLN,9.72,0.96
BBN,24.95,20.25
BBQ,12.61,11.03
BBSI,73.81,71.86
BBU,29.94,22.31
BBVA,6.17,5.23
BBW,10.1,15.73
BBWI,53.8,36.15
BBY,114.42,73.47
BC,98.72,67.95
BCAB,39.1,2.13
BCAC,9.9,10.12
BCACW,1.66,0.13
BCAT,20.66,15.2
BCBP,13.72,18.89
BCC,64.55,74
BCDA,3.82,1.55
BCE,49.58,53.37
BCEL,8.31,1.67
BCH,18.7,20.39
BCLI,3.39,2.89
BCML,18.21,21.81
BCO,75.03,57.93
BCOR,16.53,16.25
BCOV,14.35,6.78
BCOW,14.09,9.89
BCPC,128.36,122.82
BCRX,13.28,8.57
BCS,10.18,8.37
BCSF,15.7,14.12
BCTX,3.15,4.56
BCTXW,0.88,2.25
BCV,30.88,18.67
BCX,9.73,10.55
BCYC,29.94,16.62
BDC,50.7,53.01
BDJ,10.26,9.18
BDL,34.9,35.11
BDN,13.9,10.87
BDR,1.19,0.38
BDSX,14.89,1.32
BDTX,13.28,1.6
BDX,236.41,257.45
BDXB,54.27,51.41
BE,21.58,15.01
BEAM,75.6,31.44
BECN,55.84,58.58
BEDU,3.77,0.79
BEEM,24.96,12.69
BEEMW,18.62,6.37
BEKE,50.55,11.15
BELFA,17.55,21.25
BELFB,16.29,15.54
BEN,33.08,25.96
BENE,10.01,10.29
BENEW,0.46,0.32
BEP,39.92,36.35
BEPC,42.34,37.5
BEPH,24.78,17.82
BERY,68.37,56.56
BEST,6.3,1.07
BFAM,135.76,86.15
BFC,70.1,70.47
BFH,91.07,48.32
BFI,10.91,3.03
BFIIW,2.26,0.35
BFIN,10.6,9.75
BFK,15.07,11.51
BFLY,10.27,2.87
BFS,42.4,47.89
BFST,23.28,21.64
BFZ,14.73,11.15
BG,87.02,115.46
BGB,13.52,11.56
BGCP,5.24,3.08
BGFV,28.61,11.81
BGH,16.48,13.8
BGI,3.14,5.02
BGNE,350.36,122.99
BGR,9.41,12.46
BGRY,9.92,1.95
BGRYW,1.42,0.22
BGS,29.41,22.35
BGSF,11.65,12.53
BGT,12.66,11.17
BGX,14.35,12.06
BGY,6.46,5.29
BH,162.39,127.11
BHAT,0.8,0.18
BHB,29.77,25.88
BHC,31.26,9.28
BHE,30.23,24.01
BHF,46.75,45.86
BHFAL,27.19,24.38
BHFAN,26.1,20.5
BHFAO,27.67,24.64
BHFAP,27.37,24.46
BHIL,9.88,3.5
BHK,15.86,11.48
BHLB,26.17,25.53
BHP,71.91,69.01
BHR,5.71,5.15
BHSE,9.85,10.04
BHSEW,0.44,0.06
BHVN,79.55,142.6
BIDU,192.77,115.73
BIG,63.07,26.23
BIGC,54.46,16.31
BIGZ,19.58,7.69
BIIB,273.45,202.54
BILI,102.47,18.69
BILL,146.25,104.32
BIMI,6.1,0.63
BIO,592.93,518.73
BIOC,4.45,1.41
BIOL,16.84,4.98
BIOR,2.42,0.77
BIOT,9.7,9.97
BIOTU,9.98,10.6
BIOTW,0.67,0.18
BIOX,15.55,14.5
BIP,54.09,61.8
BIPC,69.96,75.88
BIT,18.73,14.57
BITE,9.64,9.77
BITF,4.46,1.69
BIVI,13.31,2.52
BJ,44.18,54.43
BJRI,53.86,22.08
BK,51.12,44.34
BKCC,4.03,3.92
BKD,6.77,5.38
BKE,40.2,27.17
BKEP,4.05,4.53
BKEPP,7.86,8.56
BKH,65.78,76.76
BKI,72.99,69.95
BKKT,10.2,2.22
BKN,19.45,15.03
BKNG,2339.01,2050.06
BKR,24.14,36.28
BKSC,19.91,16.8
BKSY,9.94,1.18
BKT,6.26,4.62
BKTI,3.75,2.55
BKU,46.24,40.34
BKYI,3.84,1.87
BL,104.07,71.48
BLBD,24.57,11.53
BLCM,2.67,1.42
BLCT,6.78,1.28
BLD,199,185.85
BLDE,8.51,7.1
BLDEW,1.81,1.38
BLDP,16.13,6.6
BLDR,44.86,59.04
BLE,15.25,10.9
BLFS,31.07,12.32
BLI,42.57,4.35
BLIN,2.51,1.23
BLK,874.27,618.35
BLKB,69.59,61.22
BLMN,28.24,17.32
BLNK,31.72,14.36
BLNKW,27.92,10.12
BLPH,4.28,0.96
BLRX,2.95,1.24
BLTS,9.68,9.86
BLU,3.65,8.07
BLUE,23.46,2.94
BLW,17,13.38
BLX,14.94,14.29
BMA,14.58,16.66
BMBL,41.48,26.52
BME,47.64,42.85
BMEA,17.4,5.62
BMEZ,27.05,16.04
BMI,93.37,77.23
BMO,102.5,104.17
BMRA,3.46,2.97
BMRC,32.83,32.54
BMRN,77.6,78.78
BMTX,12.53,6.13
BMY,66.76,77.13
BNED,7.81,2.03
BNFT,14.2,8.56
BNGO,5.48,1.5
BNGOW,3.19,0.29
BNL,21.99,20.75
BNR,33.05,2.66
BNS,65.96,63.59
BNSO,6.28,2.76
BNTC,4.38,0.91
BNTX,197.5,154.5
BNY,14.7,10.9
BOAC,9.82,9.88
BOAS,9.7,9.83
BOC,28.47,19.73
BODY,9.93,1.58
BOE,12.2,10.34
BOH,88.68,77.56
BOKF,87.65,83
BOLT,17.01,1.6
BOOM,52.23,26.04
BOOT,72.55,66.75
BORR,1.86,4.86
BOSC,3.32,2.1
BOTJ,16.1,12.75
BOX,22.86,25.44
BOXD,9.65,8.77
BOXL,2.3,0.85
BP,26.28,32.08
BPMC,95.4,55.33
BPOP,79.09,78.29
BPOPM,25.7,26.38
BPRN,29.38,28.89
BPT,3.56,17.53
BPTH,5.5,3.24
BPYPN,24.32,18.39
BPYPO,26.18,20.05
BPYPP,25.86,20.75
BQ,4.2,0.25
BR,159.17,139.69
BRAG,13.96,4.86
BRBS,17.36,14.26
BRC,56.05,45.37
BRCC,9.85,8.7
BRCN,3.58,0.62
BREZ,10.01,10.2
BREZW,0.56,0.19
BRFH,5.98,5.23
BRFS,4.85,2.96
BRG,9.58,26.35
BRID,18.2,12.51
BRIVU,10,9.77
BRKL,16.25,14.15
BRKR,69.84,59.71
BRMK,10.24,7.32
BRN,3.17,2.76
BRO,51.82,55.96
BROGW,0.7,0.29
BRP,24.17,23.39
BRPM,9.64,9.83
BRPMU,10,9.94
BRPMW,1,0.49
BRQS,0.84,0.18
BRSP,9.09,8.46
BRT,17.71,21.31
BRTX,29,3.68
BRW,9.38,8.05
BRX,21.91,23.23
BRY,5.89,11.03
BSAC,20.1,20.06
BSBK,9.99,10.77
BSBR,7.27,7.13
BSET,30.59,14.84
BSFC,6,1.39
BSGM,3.22,1.14
BSIG,22.21,19.48
BSKYU,10.04,9.76
BSL,16.38,13.61
BSM,9.63,15.24
BSMX,5.97,5.4
BSQR,2.11,1.31
BSRR,26.83,21.25
BST,52.7,34.48
BSTZ,36.18,20.23
BSVN,19.63,24.09
BSX,43.03,40.15
BSY,56.55,30.64
BTA,13.23,10.83
BTAI,31.08,11.45
BTB,1.83,0.33
BTBT,8.24,1.48
BTCM,8.01,1.77
BTCS,6.66,2.47
BTCY,2.76,1.02
BTG,5.11,4.22
BTI,39.37,44.26
BTN,5.1,2.94
BTO,40.2,34.89
BTOG,1.24,0.81
BTRS,13.15,4.61
BTT,25.8,22.64
BTTR,7.44,2.38
BTTX,9.87,2.19
BTU,5.37,24.46
BTWN,10.17,9.88
BTWNU,10.78,9.95
BTWNW,1.88,0.28
BTX,14.66,0.66
BTZ,14.98,11.05
BUD,75.66,55.24
BUI,26.23,21.99
BUR,11.8,8.21
BURL,321.79,145.45
BUSE,25.9,22.6
BV,16.96,12.19
BVH,20.99,24.95
BVN,11.32,8.64
BVS,16.77,8.47
BVXV,2.81,1.27
BW,8.01,6.21
BWA,49.8,37.45
BWAC,9.96,10.27
BWACW,0.81,0.13
BWAY,11.07,6.09
BWB,16.97,15.85
BWEN,3.97,1.56
BWFG,27.65,33.55
BWG,12.32,8.73
BWMN,13.85,15.5
BWMX,42.92,12.9
BWSN,25.97,23.8
BWXT,62,50.28
BX,91.01,107.9
BXC,51.92,76.33
BXMT,31.42,30.24
BXMX,14.12,13.12
BXP,114.43,105.58
BXRX,29.4,0.72
BY,22.4,24.38
BYD,61.49,52.49
BYFC,2.28,1.53
BYM,15.63,11.85
BYND,119.66,22.94
BYRN,25.95,7.15
BYSI,10.23,1.15
BZFD,9.71,4.14
BZFDW,0.74,0.53
BZH,23.13,14.46
BZUN,35.8,7.57
C,77.28,52.68
CAAP,5.57,6.11
CAAS,4.18,2.93
CABA,10.91,1.28
CABO,1846.67,1230.27
CAC,46.25,43.19
CACC,439.33,554.96
CACI,255.35,273.93
CADE,29.67,25.64
CAE,29.99,23.09
CAF,23.3,14.59
CAG,38.11,32.88
CAH,55.62,57.11
CAJ,23.56,25.35
CAKE,55.77,27.98
CAL,24.44,20.93
CALA,2.1,0.21
CALB,18.9,20.06
CALM,36.16,45.26
CALT,30.05,18.7
CALX,43.37,33.32
CAMP,13.88,6.41
CAMT,34.99,27.03
CAN,7.66,2.98
CANF,2.06,0.87
CANG,5.45,2.99
CANO,13.61,5.82
CAPD,20.48,19.34
CAPL,18.3,20.46
CAPR,3.65,3.41
CAR,82.49,175.26
CARA,13.29,8.27
CARE,15.23,14.62
CARG,27.77,22.35
CARR,44.72,37.94
CARS,13.8,9.8
CARV,7.9,8.92
CAS,9.85,10.09
CASA,8.33,3.98
CASH,49.97,38.52
CASI,1.52,0.41
CASS,44.46,32.88
CASY,218.97,201.3
CAT,237.17,205.65
CATC,83.5,81.64
CATO,15.11,12.21
CATY,40.31,38.85
CB,165.67,208.15
CBAN,18.3,16.19
CBAT,3.85,0.99
CBAY,4.18,1.91
CBD,7.06,4.22
CBFV,21.75,21.48
CBH,10.27,8.71
CBIO,4.1,1.34
CBNK,21.75,22.51
CBOE,109.77,106.95
CBRE,88.12,78.82
CBRL,157.7,93.77
CBSH,73.21,66.28
CBT,62.02,69.73
CBTX,28.18,27.51
CBU,78.89,64.45
CBZ,32.87,38.82
CC,34.4,40.84
CCAP,18.64,16.93
CCB,30.17,37.3
CCBG,25.69,26.48
CCCC,34.7,6.42
CCCS,10,8.41
CCD,65.75,22.2
CCEP,60.49,53.74
CCF,104.01,80.15
CCI,188.2,191.61
CCJ,19.29,23.72
CCK,108.08,100.09
CCL,28.58,11.76
CCLP,1.49,1.24
CCM,3.37,1.3
CCMP,153.13,169.88
CCNC,2.66,0.63
CCNE,23.65,24.39
CCNEP,27.2,25.6
CCO,2.22,1.45
CCOI,74.72,58.95
CCRD,35.55,22.42
CCRN,15.18,16.56
CCS,77.56,49.81
CCU,17.49,13.59
CCV,9.92,9.81
CCVI,9.8,9.77
CCXI,9.67,21.41
CD,15.9,5.7
CDAK,19.95,2.9
CDAY,88.37,53.79
CDE,10.34,3.74
CDEV,4.68,6.74
CDK,52.41,54.3
CDLX,101.55,25.52
CDMO,19.92,12.38
CDNA,80.69,23.28
CDNS,127.49,144
CDR,13.7,26.58
CDRO,9.96,3.3
CDTX,1.98,0.46
CDW,166.73,158.81
CDXC,7.77,1.69
CDXS,19.74,9.85
CDZI,12.83,2.08
CE,163.81,149.47
CEA,22.91,16.54
CEAD,10.7,1
CECE,7.53,6.05
CEE,25.73,10.43
CEI,0.57,0.64
CEIX,13,52.22
CELC,26.8,6.1
CELH,62.59,58.74
CELU,10.1,7.15
CELUW,1.27,0.63
CELZ,20.93,1
CEM,27.57,33.44
CEMI,3.03,0.62
CEN,13.08,17.3
CENN,8.17,1.58
CENT,54.8,42.99
CENTA,50.33,40.49
CENX,12.07,11.87
CEPU,1.95,3.67
CEQP,29.53,28.91
CERE,13.13,25.06
CERN,78.12,94.44
CERS,5.84,4.83
CERT,26.24,18.61
CET,41.56,36.48
CETX,1.37,0.26
CETXP,2.22,1.5
CEV,13.65,10.55
CEVA,44.28,32.9
CF,51.79,100.12
CFB,14.3,13.16
CFBK,18.98,20.45
CFFEU,9.96,10.08
CFFI,48.87,50.54
CFFN,12.6,10.02
CFG,48.38,38.71
CFIV,9.71,9.86
CFIVU,9.98,9.88
CFIVW,0.89,0.16
CFMS,0.87,0.42
CFR,118.67,119.3
CFRX,3.76,3.13
CFVI,9.74,10.81
CFVIU,10,11.46
CG,42.7,35.83
CGA,9.74,7.9
CGABL,25.33,18.73
CGAU,7.78,8.35
CGBD,13,13.82
CGC,24.15,4.76
CGEM,28.39,10.59
CGEN,7.31,1.73
CGNT,24.56,6.93
CGNX,78.08,45.24
CGO,15.83,11.77
CGRN,7.2,2.74
CHAA,9.75,9.79
CHCI,6.26,4.37
CHCO,76.7,80.9
CHCT,47.13,36.63
CHD,86.91,90.43
CHDN,200.14,179.52
CHE,492.62,494.59
CHEF,30.73,32.49
CHEK,1.49,0.31
CHGG,74.77,17.98
CHH,117.93,120.06
CHI,14.7,11.36
CHK,50.44,97.87
CHKEL,20.28,70.26
CHKEZ,24.08,74.17
CHKP,118.2,123.49
CHMI,9.72,6.83
CHN,29.92,12.66
CHNG,22.86,23.1
CHNGU,76.79,74.34
CHNR,1.38,0.68
CHPT,23.01,10.41
CHRA,6.04,2.51
CHRS,12.95,7.67
CHRW,96.14,104.79
CHS,4.02,3.94
CHSCL,28.85,26.43
CHSCM,27.61,25.68
CHSCN,28.1,25.64
CHSCO,28.7,27.31
CHSCP,30.07,31.19
CHT,40.98,42.11
CHTR,695.51,479.02
CHUY,40.5,19.75
CHW,10.38,7.3
CHWY,72.93,23.31
CHX,24.92,21.84
CHY,15.76,11.65
CI,259.6,264.96
CIA,5.21,3.28
CIB,29.16,37.6
CIDM,1.31,0.62
CIEN,53,48.87
CIF,2.79,2.08
CIFR,9.92,1.92
CIFRW,1.75,0.3
CIG,1.91,2.48
CIGI,109.1,110.59
CIH,1.9,0.71
CII,20.25,18.21
CIK,3.54,2.73
CIM,13.74,9.53
CINF,119.25,125.09
CIO,11.3,13.32
CIR,36.86,18.73
CISO,3.6,5.01
CIVB,23.01,21.03
CIVI,42.11,69.13
CIX,21.48,22.36
CIXX,18.44,11.86
CJJD,11.79,1.94
CKPT,2.46,1.31
CKX,12.73,11.19
CL,84.59,78.12
CLAR,22.16,19.88
CLAS,9.69,9.81
CLB,38.05,26.02
CLBK,17.06,20.02
CLBS,1.5,0.46
CLBT,9.91,4.62
CLBTW,1.48,0.7
CLDT,12.78,11.96
CLDX,26.39,27
CLEU,3.47,2.5
CLF,18.2,22.62
CLFD,35.82,55.4
CLGN,15.2,9.01
CLH,93.02,89.24
CLIR,4.46,1.19
CLLS,15.72,3.62
CLM,11.08,10.68
CLMT,5.7,12.83
CLNE,7.63,4.77
CLNN,9.52,2.43
CLNNW,0.88,0.24
CLOV,7.02,2.57
CLPR,7.83,8.65
CLPS,3.98,1.77
CLPT,18.12,9.78
CLR,31.14,61.52
CLRB,1.57,0.35
CLRO,2.21,0.54
CLS,8.36,10.37
CLSD,2.4,1.3
CLSK,15.2,5.17
CLSN,16.65,2.35
CLVR,9.6,1.04
CLVRW,1.79,0.16
CLVS,5.02,0.63
CLVT,29.55,14.08
CLW,28.31,32.63
CLWT,2.11,1.54
CLX,178.65,141.6
CLXT,4.01,0.36
CM,56.2,54.36
CMA,75.83,76.77
CMAX,13.11,4.8
CMBM,53.97,13.18
CMC,30.55,37.79
CMCL,15,12.84
CMCM,2.3,0.69
CMCO,51.36,32.91
CMCSA,55.7,43.07
CMCT,10.96,7.1
CME,214.88,191.67
CMG,1346.13,1266.64
CMI,254.35,196.51
CMLS,10.7,10.99
CMMB,16.07,2.8
CMP,68.01,44.13
CMPI,6.29,10.49
CMPO,10.07,7.32
CMPOW,1.2,1.1
CMPR,95.18,42.74
CMPS,33.62,7.91
CMPX,4.5,2.76
CMRA,10.08,7.23
CMRAW,0.64,0.31
CMRE,10.26,14.06
CMRX,8.03,1.81
CMS,63.25,71.71
CMSA,27.43,24.07
CMSC,27.5,24.93
CMSD,27.2,24.73
CMT,13.4,10.2
CMTL,23.14,12.48
CMU,4.79,3.4
CNA,46.86,44.86
CNC,73.96,87.21
CNCE,3.83,4.21
CND,9.81,9.9
CNDT,7.15,4.66
CNET,1.67,0.33
CNEY,4.57,2.19
CNF,3.25,2.38
CNFR,2.64,1.46
CNHI,14.64,14.28
CNI,105.39,110.44
CNK,22.85,15.05
CNMD,138.35,109.85
CNNB,13.9,14.35
CNNE,35.29,18.76
CNO,26.14,20.02
CNOB,26.6,26.34
CNP,24.94,31.31
CNQ,32.87,64.36
CNR,17.23,24.42
CNS,72.25,73.51
CNSL,8.83,6.26
CNSP,1.84,0.28
CNTB,14.65,0.83
CNTG,10.29,2.7
CNTY,13.79,7.5
CNX,13.35,21.06
CNXC,151.14,140.52
CNXN,49.15,43.51
CO,5.5,2.53
COCP,1.11,0.39
CODA,7.8,5
CODI,25.22,21.49
CODX,7.89,4.54
COE,10.05,1.13
COF,158.22,116.83
COFS,25.75,22.1
COGT,8.14,4.63
COHN,23.44,15.53
COHR,259.95,263.01
COHU,36.37,27.15
COIN,242.41,61.36
COKE,382.24,564.2
COLB,41.38,28.52
COLD,38.41,26.6
COLI,9.71,9.77
COLIU,9.98,9.8
COLIW,1.28,0.19
COLL,23.44,15.49
COLM,102.21,72.56
COMM,18.84,6.58
COMP,13.48,5.26
COMS,2.04,0.27
COMSW,1.06,0.17
CONN,21.7,11.55
CONX,9.8,9.86
CONXU,10.09,9.96
COO,394.49,341.05
COOL,9.7,9.84
COOLU,9.96,9.87
COOP,33.1,43.2
COP,54.88,109.48
CORR,5.68,2.47
CORT,21.15,20
CORZ,9.78,3.4
CORZW,1.06,1.12
COSM,4.45,1.05
COST,385.38,437.71
COTY,8.56,5.99
COUP,239.02,64.08
COUR,37.08,15.23
COVA,9.65,9.8
COVAW,0.66,0.11
COWN,38.16,24.3
CP,81.91,68.58
CPA,81.33,66.49
CPAC,6.88,5.27
CPARU,10,9.94
CPB,48.41,47.76
CPE,36.87,49.55
CPF,26.98,23.57
CPG,3.82,8.06
CPHC,14,21.08
CPHI,0.57,0.25
CPIX,2.78,2.12
CPK,115.26,133.94
CPLP,12.32,15.52
CPNG,40.14,12.89
CPRI,52.94,39.16
CPRT,127.83,108.15
CPRX,5.4,6.87
CPS,28.04,4.68
CPSH,5.93,3.24
CPSI,31.4,31.29
CPSS,4.6,12.89
CPT,125.3,141.23
CPTK,9.62,9.81
CPTN,9.71,2.48
CPTNW,0.45,0.28
CPUH,9.73,9.78
CPZ,20.75,17.04
CQP,40.23,52.33
CR,95.2,90.17
CRAI,82.02,83.02
CRBP,1.78,0.31
CRC,28.83,43.02
CRCT,30.93,6.71
CRDF,7.77,1.19
CRDL,2.68,1.08
CREG,9.1,3.73
CRESY,6.13,6.76
CREX,1.78,0.63
CREXW,0.21,0.08
CRF,10.86,10.21
CRGE,3.08,3.66
CRH,50.89,40.33
CRHC,9.8,9.92
CRI,99.28,72.3
CRIS,13.67,0.71
CRK,5.58,17.21
CRKN,4,0.96
CRL,329.52,223.35
CRM,227.71,156.93
CRMD,6.88,3.25
CRMT,159.5,99.98
CRNC,90.11,28.76
CRNT,3.26,1.57
CRNX,17.48,19.66
CRON,7.47,3.03
CROX,103.51,48.73
CRS,44.01,32.95
CRSP,116.31,52.38
CRSR,31.6,14.44
CRT,9.65,18.05
CRTD,3.57,0.78
CRTO,38,24.04
CRTX,38.81,2.84
CRU,9.7,9.8
CRUS,77.16,78.52
CRVL,117.49,148.43
CRVS,2.57,0.97
CRWD,212.86,139.87
CRWS,7.71,6
CRXT,10.05,0.39
CRXTW,0.57,0.07
CS,10.78,7.06
CSAN,16.17,16.27
CSCO,53.31,43.77
CSCW,1.01,0.12
CSGP,84.99,57.45
CSGS,44.36,60.08
CSII,38.3,16.3
CSIQ,38.18,30.62
CSL,192.09,243.62
CSPI,10.75,8.17
CSQ,17.55,13.88
CSR,70.47,84.72
CSSE,36.66,5.8
CSSEN,26.7,24.22
CSSEP,28.75,23.79
CSTA,9.77,9.8
CSTE,16.84,8.42
CSTL,60.88,20.11
CSTM,17.11,15.78
CSTR,21.7,20.23
CSV,37.23,38.8
CSWC,26.11,22.25
CSWI,122.71,105.25
CSX,33.02,30.91
CTAQW,0.81,0.21
CTAS,355.5,370.94
CTBB,25.73,24.52
CTBI,43.03,41.51
CTDD,26.54,24.47
CTEK,1.64,1.18
CTG,9.86,8.61
CTHR,2.56,1.35
CTIB,1.73,0.81
CTIC,2.33,5.17
CTLP,11.97,4.68
CTLT,103.45,96.76
CTMX,7.99,1.6
CTO,52.28,64.27
CTOS,10.21,5.96
CTR,23.96,29.33
CTRA,16.45,32.6
CTRE,23.05,18
CTRM,3.74,1.85
CTRN,83.39,28.18
CTS,37.32,36.83
CTSH,71,71.4
CTSO,8.15,1.87
CTT,11.85,8.07
CTV,9.75,4.94
CTVA,44.6,62.09
CTXR,2.22,0.97
CTXRW,1.04,0.25
CTXS,115.23,99.52
CUBA,6.36,4.55
CUBB,26.95,23.19
CUBE,42.88,42.75
CUBI,35.78,37.95
CUE,13.33,3.33
CUEN,2.17,0.63
CUK,24.42,10.95
CULP,15.75,5.33
CURI,10.82,1.53
CURIW,3.28,0.31
CURO,15.77,8.32
CUTR,36.88,41.31
CUZ,36.42,33.85
CVAC,115.67,18.45
CVBF,21.5,24.22
CVCO,210.69,196.63
CVCY,20.75,16.97
CVE,7.74,21.67
CVEO,15.95,27.31
CVET,26.69,19.66
CVGI,11.68,6.13
CVGW,71.81,32.04
CVI,19.12,32.1
CVII,9.77,9.75
CVLG,22,20.6
CVLT,75.53,59.36
CVLY,18.96,22.15
CVM,19.7,3
CVNA,259.8,26.65
CVR,25.02,26.93
CVS,88.7,96.45
CVT,10,5.28
CVV,4.21,4.16
CVX,103.87,172.64
CW,124.33,143.88
CWBR,1.27,0.18
CWCO,12.25,14.16
CWEN,26.65,32.76
CWH,39.95,25.82
CWK,18.92,17.59
CWST,67.67,69.92
CWT,56.68,54.31
CX,8,4.21
CXDO,5.25,3
CXE,5.44,3.89
CXH,10.12,7.61
CXW,7.55,12.91
CYAD,5.66,2.04
CYAN,2.95,2.79
CYBE,29.47,39.42
CYBN,1.41,0.62
CYBR,126.46,132.22
CYCC,7.15,1.28
CYCN,2.96,0.53
CYD,15.5,9.81
CYH,13.39,5.27
CYRN,12.12,1.96
CYRX,53.14,21.86
CYTH,7.54,2.1
CYTK,22.33,38.24
CYTO,3.22,0.77
CYXT,9.9,12.56
CZNC,24.1,24.46
CZOO,9.91,1.39
CZR,107.06,43.14
CZWI,13.21,12.75
D,76.01,84.92
DAC,61.58,81.94
DADA,24.49,5.73
DAIO,5.87,3.09
DAKT,6.51,3.16
DAL,46.67,37.22
DALN,7.04,6.65
DAN,25.76,14.64
DAO,23.44,4.52
DAR,67.69,75.95
DARE,1.21,1.08
DASH,136.27,62.66
DAVA,101.52,90.33
DB,14.82,10.89
DBD,13.24,2.76
DBGI,3.1,0.16
DBGIW,0.54,0.13
DBI,18.09,13.03
DBL,19.62,15.78
DBRG,6.68,6
DBTX,7.84,2.48
DBVT,5.85,1.42
DBX,26.73,19.25
DCBO,53.89,32.79
DCF,9.65,7.6
DCGO,9.98,6.71
DCGOW,1.01,1.49
DCI,60.54,49.73
DCO,50.21,41.96
DCOM,33.48,29.61
DCOMP,25.68,21.07
DCP,25.38,33.4
DCPH,33.35,10.76
DCT,39.25,17.5
DCTH,10.4,4.48
DCUE,101.25,103.78
DD,83.4,64.64
DDD,26.97,9.99
DDF,11.37,9.16
DDOG,89.58,85.81
DDS,129.31,235.74
DDT,26.03,26.34
DE,360.69,337.03
DEA,20.66,19.71
DECK,335.53,240.92
DEI,34.63,27.38
DELL,25.58,40.88
DEN,63.29,72.03
DENN,17.32,9.5
DEO,192.14,184.59
DESP,13.36,8.7
DEX,10.32,7.84
DFFN,32.5,7.67
DFH,27.36,15.63
DFIN,29.11,29.42
DFP,29.41,22.3
DFS,114.3,104.42
DG,198.87,195.95
DGHI,6.06,1.48
DGICA,15.03,15.9
DGII,18.73,22.61
DGLY,1.63,0.88
DGNU,10.03,9.76
DGX,130.85,140.09
DHBC,9.75,9.76
DHBCU,10,9.81
DHC,3.59,2.16
DHCAU,9.91,9.79
DHCNI,22.86,17.3
DHCNL,24.73,18.64
DHF,3.19,2.39
DHI,93.2,65.63
DHIL,172.52,172.75
DHR,255.14,252
DHT,6.24,5.66
DHX,3.25,6.27
DHY,2.49,1.93
DIAX,17.06,15.52
DIN,91.18,66.94
DINO,32.94,47.44
DIOD,74.72,71.33
DIS,176.17,101.59
DISAU,10,9.9
DISAW,0.76,0.17
DISH,43.35,20.71
DIT,132.87,163.51
DJCO,312.89,260.24
DK,20.66,28.29
DKL,43.81,55.51
DKNG,48.42,13.51
DKS,84.17,71.24
DLA,31.69,28.83
DLB,96.47,73.93
DLCA,9.67,9.82
DLCAW,0.67,0.16
DLHC,11.32,14.68
DLNG,2.68,3.79
DLPN,8.06,3.38
DLR,152.44,136.63
DLTH,15.37,10.51
DLTR,106.98,130.2
DLX,45.01,23.48
DLY,19.68,14.75
DM,12.57,1.8
DMAC,6.78,2.23
DMB,14.87,11.06
DMF,9.44,6.79
DMLP,15.1,29.96
DMO,14.89,11.9
DMRC,32.59,15.36
DMS,10.14,1.44
DMTK,37.8,6.02
DNA,9.89,2.58
DNB,21.74,16.74
DNLI,64.64,23.25
DNMR,20.73,3.98
DNN,1.13,1.13
DNOW,10.08,10.49
DNP,10.56,11.17
DOC,18.36,18.43
DOCN,41.9,43.26
DOCU,195.68,71.73
DOGZ,1.62,3.96
DOMA,9.89,1.77
DOMO,62.82,28.03
DOOO,80.23,69.96
DOOR,118.74,84.57
DORM,100.05,97.42
DOV,149,130.85
DOW,69.04,67.07
DOX,77.56,84.62
DOYU,7.58,1.2
DPG,14.93,15.09
DPRO,6.5,1.02
DPZ,421.04,342.17
DQ,71.98,44.11
DRD,12.47,6.87
DRE,46.27,50.49
DRH,9.41,9.39
DRI,140.43,114.77
DRIO,17.58,6.38
DRQ,32,31.05
DRRX,1.61,0.4
DRTS,9.65,5.83
DRTSW,0.65,0.4
DRTT,3.55,0.94
DRVN,29.02,26.44
DS,2.85,1.29
DSAC,9.7,9.93
DSACW,1.12,0.92
DSEY,17.22,9.18
DSGN,26.04,11.92
DSGR,61,37.58
DSGX,58.25,59.39
DSKE,6.64,6.78
DSL,18.08,12.86
DSM,8.12,6.36
DSP,25.86,5.31
DSS,2.66,0.38
DSU,11.16,9.34
DSWL,3.91,3.39
DSX,3.92,6.36
DT,51.16,37.68
DTB,25.41,19.23
DTE,118.07,134.14
DTEA,3.34,1.85
DTF,14.76,11.93
DTIL,10.18,1.57
DTOCW,0.66,0.18
DTP,51.29,52.79
DTSS,2.45,1.54
DTST,5.85,2.66
DTW,25.97,22.76
DUK,101.31,112.98
DUKB,27.09,25.24
DUNE,9.73,9.98
DUNEW,0.68,0.04
DUO,3.01,0.2
DUOT,9.87,3.26
DV,34.8,21.26
DVA,120.87,93.41
DVAX,7.63,11.28
DVN,25.8,70.39
DWIN,9.73,9.99
DWSN,2.29,1.65
DX,19.26,16.23
DXC,36.94,29.44
DXCM,353.25,288.13
DXF,1.66,0.47
DXLG,2.3,3.69
DXPE,29.63,29.17
DXR,9.61,12.15
DXYN,2.76,1.81
DY,70.51,80.21
DYAI,3.87,2.35
DYFN,19.76,17.15
DYN,18.94,4.71
DYNT,1.1,0.64
DZSI,16.2,14.84
E,24.39,29.54
EA,143.26,136.68
EAD,8.59,6.97
EAF,13.15,8.28
EAI,25.57,23.27
EAR,32.1,1.04
EARN,12.3,7.92
EAST,2.14,0.66
EAT,59.85,25.46
EB,20.47,11.82
EBAY,61.3,44.18
EBC,22.41,18.74
EBET,21.63,2.75
EBF,20.72,17.6
EBIX,26.14,27.65
EBMT,25,19.71
EBON,2.65,0.71
EBR,8.09,9.2
EBS,56.61,33.33
EBTC,33.5,31.76
EC,11.97,14.59
ECC,13.49,12.45
ECCW,25.67,24.85
ECF,14.53,8.75
ECL,214.93,158.4
ECOM,24.08,12.91
ECOR,1.59,0.39
ECPG,44.23,57.89
ECVT,16,10.18
ED,77.81,100.39
EDAP,6.57,7
EDD,6.16,4.62
EDF,8.32,5.3
EDI,8.7,5.76
EDIT,32.94,9.99
EDN,3.61,5.5
EDR,29.6,20.96
EDRY,17.65,28.63
EDSA,6.22,1.75
EDTK,2.3,1.21
EDTX,9.88,10.13
EDTXU,10.16,10.16
EDTXW,0.57,0.09
EDU,109.6,10.8
EDUC,14.46,4.57
EEA,11.66,7.66
EEFT,147.91,114.16
EEIQ,4.93,1.96
EEX,5.29,3.29
EFC,18.8,15.28
EFL,9.45,8.6
EFOI,3.91,0.9
EFR,14.12,11.85
EFSC,47.85,44.75
EFT,14.25,11.9
EFTR,9.7,1.84
EFX,234.93,191.52
EGAN,10.24,9.03
EGBN,54.02,48.77
EGF,12.69,10.53
EGHT,23.32,6.85
EGLE,47,68.87
EGLX,6.61,1.97
EGO,11.85,8.49
EGP,158,155.75
EGRX,40.36,44.83
EGY,2.55,6.37
EH,22.53,7.36
EHC,86.18,63.6
EHI,10.37,7.4
EHTH,64.19,9.9
EIC,15.49,14.95
EIG,40.72,41.73
EIGR,7.84,6.6
EIM,13.55,10.59
EIX,55.75,68.08
EJFAU,9.95,10.05
EJH,29.22,0.35
EKSO,5.54,1.76
EL,305.19,232.06
ELA,4.15,4.8
ELAN,35.51,23.17
ELAT,53.71,36.82
ELBM,4.98,3.65
ELC,25.72,23.06
ELDN,8.99,3.24
ELF,28.5,21.05
ELMD,9.43,11.5
ELMS,9.94,0.64
ELMSW,1.45,0.09
ELOX,1.39,0.34
ELP,5.58,7.86
ELS,71.38,73.2
ELSE,4.51,5
ELTK,5.74,4.15
ELVT,3.77,2.54
ELY,35.27,18.93
ELYS,4.85,0.98
EM,5.88,1.09
EMAN,2.43,0.69
EMBK,9.77,1.48
EMBKW,1.21,0.3
EMCF,27.75,34.58
EMD,13.74,9.57
EME,121.3,102.95
EMF,19.64,12.31
EMKR,8.83,3.09
EML,31.57,21
EMN,123.78,103.67
EMO,21.94,28.12
EMP,25.54,22.97
EMR,93.41,83.89
EMX,3.49,1.94
ENB,38.45,44.98
ENBA,27.09,25
ENDP,5.37,0.36
ENG,2.42,1.04
ENIA,6.84,5.73
ENIC,2.88,1.36
ENJY,9.83,0.23
ENJYW,0.86,0.04
ENLC,4.84,10.33
ENLV,9.44,4.14
ENO,25.5,24.55
ENOB,3.8,5.87
ENOV,75.37,63.94
ENPC,9.67,9.93
ENPH,138.53,162.51
ENR,46.02,30.85
ENS,91.31,63.36
ENSC,13.45,0.48
ENSG,82.2,78.55
ENSV,1.26,1.93
ENTA,48.17,39.23
ENTG,113.07,101.28
ENTX,3.1,2.18
ENV,71.01,64.22
ENVA,36.19,29.68
ENVB,2.28,0.19
ENVX,14.64,9.46
ENX,12.46,9.3
ENZ,3.01,2.31
EOD,5.61,4.69
EOG,78.68,129.25
EOI,17.96,15.15
EOLS,9.59,11.7
EOS,22.14,16.68
EOSE,16.95,1.14
EOT,22.6,17.47
EP,8.56,20.6
EPAC,26.71,20.24
EPAM,479.27,308.87
EPC,44.99,34.67
EPD,23.45,26.8
EPHY,9.68,9.8
EPHYU,9.97,9.83
EPHYW,0.92,0.13
EPIX,32.6,5.75
EPM,3.53,6.81
EPR,48.2,48.83
EPRT,25.37,22.15
EPSN,3.99,6.97
EPWR,9.72,9.82
EPZM,8.25,0.45
EQ,6.54,2.59
EQBK,31.5,31.75
EQC,27.62,26.71
EQD,9.85,9.89
EQH,31.64,28.44
EQIX,735.26,671.81
EQNR,21.14,35.59
EQOS,5.75,1.06
EQR,76.16,76.22
EQT,20.62,45.12
EQX,9.35,5.91
ERC,12.93,9.38
ERES,9.79,9.94
ERESW,0.75,0.07
ERF,6,13.34
ERH,14.05,12.54
ERIC,13.44,7.98
ERIE,196.32,161.2
ERII,17.97,19.16
ERJ,12.95,10.04
ERO,22,12.33
ERYP,5.75,1.18
ES,82.33,92.64
ESCA,23.21,12.53
ESE,93.67,63.89
ESEA,15.73,30.2
ESGR,243,227.83
ESGRO,27.56,24.72
ESGRP,28.57,24.74
ESI,22.81,20.31
ESLT,131.13,199.33
ESNT,46.87,40.33
ESOA,2.13,2.46
ESP,14.71,13.63
ESPR,19.4,5.79
ESQ,24.25,36.31
ESRT,11.48,7.82
ESS,292.85,282.83
ESSA,15.52,16.01
ESSC,10.02,10.31
ESTA,78.11,56.87
ESTC,116.29,57.1
ESTE,9.01,16.52
ET,9.89,11.17
ETAC,9.71,9.94
ETACU,9.99,10
ETACW,0.89,0.15
ETB,16.12,14.53
ETD,27.43,21.59
ETG,20.53,16.66
ETJ,11.03,8.76
ETN,142.81,133.83
ETNB,17.42,2.78
ETO,28.9,23.65
ETON,8.46,3.2
ETR,105.92,119.16
ETRN,8.25,7.64
ETSY,167.05,70.21
ETTX,2.26,2.19
ETV,15.84,13.61
ETW,11.07,8.52
ETWO,12.76,7.56
ETX,22.55,20.29
ETY,13.7,11.59
EURN,9.8,11.92
EVA,49.29,74.77
EVAX,6.83,1.74
EVBG,116.35,39.25
EVBN,36.25,37
EVC,4.47,4.79
EVER,29.8,9.32
EVEX,10.01,9.7
EVF,6.72,5.62
EVFM,12.04,0.36
EVG,13.08,10.42
EVGN,3.31,0.93
EVGO,11.12,8.69
EVGOW,2.07,1.9
EVH,18.89,28.62
EVI,30.42,9.91
EVK,2.04,1.22
EVLO,13.03,1.46
EVLV,9.98,2.18
EVLVW,1.66,0.26
EVM,11.87,9.29
EVN,13.96,11.19
EVOJ,9.62,9.78
EVOJU,9.85,9.84
EVOK,13.56,2.81
EVOP,28.36,23
EVR,145.24,107.65
EVRG,61.43,69.32
EVRI,19.35,15.94
EVT,27.85,24.12
EVTC,43.08,36.72
EVV,12.9,10.35
EW,96.68,94.54
EWBC,73.48,69.08
EWTX,29.08,6.35
EXAS,109.88,47.89
EXC,32.04,48.83
EXD,11.11,10.06
EXEL,22.36,17.7
EXG,10.06,8.29
EXK,7.25,3.64
EXLS,100.53,129.55
EXN,3.01,0.52
EXP,143.36,124.96
EXPD,122.97,105.29
EXPE,173.06,116.76
EXPI,28.18,12.75
EXPO,91.23,87.97
EXPR,3.94,2.38
EXR,147.77,175.17
EXTN,4.62,5.75
EXTR,11.1,9.28
EYE,50.03,25.5
EYEN,4.77,2.16
EYES,4.95,2.01
EYESW,1.14,0.37
EYPT,9.08,9.11
EZGO,4.69,0.77
EZPW,7.07,7.24
F,12.81,12.42
FACA,10.05,9.79
FACT,9.74,9.79
FAF,63.89,59.06
FAM,10.13,6.57
FAMI,0.43,0.06
FANG,75.48,135.78
FANH,13.35,5.57
FARM,12.09,4.7
FARO,75.38,31.09
FAST,52.69,51.99
FAT,9.16,5.61
FATBP,24.13,18.4
FATE,74.74,21.14
FATH,9.76,5.05
FAX,4.28,3.01
FB,327.79,181.28
FBC,44.66,37.03
FBHS,104.28,65.77
FBIO,3.66,0.84
FBIOP,25.68,19.53
FBIZ,27.14,32.71
FBK,40.87,39.94
FBMS,37.92,29.67
FBNC,42.59,36.65
FBP,12.37,13.78
FBRX,34.11,1.15
FC,29.88,35.99
FCAP,44.24,34.5
FCBC,29.93,28.36
FCCO,19.18,18.97
FCEL,8.42,3.41
FCF,14.73,13.53
FCFS,77.59,69.04
FCN,136.88,164.54
FCNCA,848.2,648.72
FCNCP,26.65,22.82
FCO,8.78,5.59
FCPT,27.63,26.71
FCRD,4.56,3.8
FCT,12.71,11
FCX,40.68,37.48
FDBC,54.95,36.53
FDEU,13.68,11.97
FDMT,25.56,7.42
FDP,34.13,23.73
FDS,329.73,370.8
FDUS,16.83,19.11
FDX,308.59,205.25
FE,37.62,43.26
FEDU,0.9,0.42
FEI,7.84,8.22
FEIM,9.87,7.52
FELE,82.64,70.6
FEN,14.2,15.94
FENC,6.61,5.58
FENG,10.08,2.8
FEO,15.07,9.14
FERG,137.22,116.93
FET,22.75,23.23
FF,10.36,7.07
FFA,19.9,17.26
FFBC,24.59,20.73
FFBW,11.25,12
FFC,22.38,17.58
FFHL,7.46,4.89
FFIC,22.56,22.48
FFIE,11.79,2.6
FFIEW,2.31,0.39
FFIN,48.43,40.17
FFIV,185.06,157.6
FFNW,14.11,16.71
FFWM,24.18,22.01
FGB,4.13,3.39
FGBI,17.63,28.11
FGBIP,26.9,24.84
FGEN,20.67,8.52
FGF,8.27,2.7
FGFPP,24.58,19
FHB,27.29,24.55
FHI,31.66,32.81
FHN,18.56,22.69
FHS,5.67,0.94
FHTX,9.75,11.87
FIBK,45.18,34.64
FICO,506.6,390.84
FIF,13.17,15.24
FINMU,9.95,9.85
FINS,18.26,14.45
FINV,7.92,3.73
FIS,150.75,100.51
FISI,30.82,27.14
FISV,115.71,96.9
FITB,41.26,36.61
FITBI,28.4,24.73
FITBO,27.24,20.65
FITBP,26.85,24.88
FIVE,181.68,114.49
FIVN,173.69,86.14
FIX,79.41,87.48
FIXX,6.09,1.39
FIZZ,46.95,47.37
FKWL,9.82,3.44
FL,61.42,30.09
FLC,23.73,18.67
FLEX,17.76,15.63
FLGC,3.89,0.98
FLGT,72.03,53.87
FLIC,21.92,18.43
FLL,9.82,6.11
FLME,9.61,9.78
FLMN,4.52,7.09
FLMNW,0.22,0.32
FLNG,14.65,26.54
FLNT,2.76,1.2
FLO,24.11,26.65
FLR,18.69,25.92
FLS,41.94,30.77
FLT,272.2,232.52
FLUX,10.6,2.09
FLWS,30.43,8.97
FLXS,47.41,17.71
FMAO,22,38.72
FMBH,42.7,37.09
FMC,115.55,123.56
FMN,15.67,11.38
FMNB,17.05,15.01
FMS,40.4,30.11
FMTX,28.19,5.58
FMX,81.49,74.25
FMY,13.63,11.77
FN,85.58,82.46
FNB,13,11.6
FNCB,7.3,8.02
FNCH,13.48,2.03
FND,99.51,67.12
FNF,46.15,40.45
FNGR,7.1,1.71
FNHC,4.73,0.35
FNKO,24.24,17.99
FNLC,30.22,29.07
FNV,150.15,141.6
FNWB,17.65,17.26
FNWD,44.55,37.46
FOA,9.85,2.44
FOCS,48.95,36.75
FOF,13.98,11.24
FOLD,8.71,7.59
FONR,17.79,15.88
FOR,22.6,15.92
FORA,10.15,2.89
FORD,2.4,1.5
FORM,34.62,39.65
FORR,42.55,50.75
FORTY,86.3,89.43
FOSL,12.02,6.34
FOUR,92.55,43.09
FOX,35.9,30
FOXA,37.15,32.49
FOXF,152.07,76.61
FPAC,9.69,9.83
FPAY,2.79,1.16
FPF,24.88,18.74
FPH,7.37,4.75
FPI,12.46,14.53
FPL,5.85,6.24
FR,50.71,51.85
FRA,12.91,11.47
FRAF,30.25,29.05
FRBA,13.11,13.96
FRBK,3.85,3.99
FRC,188.27,146.37
FRD,13.45,9.22
FREE,13.17,6.41
FREEW,1.85,0.4
FREQ,8.12,1.11
FRG,36.82,36.79
FRGAP,25.62,24.79
FRGE,9.7,18.21
FRGI,13.12,6.51
FRHC,46.37,39.75
FRLN,8.41,0.7
FRME,44.88,39.86
FRO,8.68,9.59
FROG,38.89,17.72
FRON,9.66,9.75
FRONU,10.07,9.85
FRPH,55.29,59.32
FRPT,175.63,60.52
FRSG,9.7,9.76
FRST,14.84,13.07
FRSX,3.82,0.89
FRT,112.79,111.18
FRW,10,9.75
FRWAW,0.67,0.19
FRXB,9.84,9.75
FSBC,26.32,26.34
FSBW,34.08,29.86
FSD,15.28,12.01
FSEA,9.64,10.59
FSFG,24.18,24.52
FSI,3.33,2.34
FSK,21.6,20.54
FSLR,74.8,64.59
FSLY,45.21,10.71
FSM,6.83,3.42
FSNB,9.68,9.8
FSP,5.05,4.53
FSR,12.51,9.61
FSRD,9.75,0.48
FSRXW,0.75,0.16
FSS,40.93,33.63
FSSI,9.72,9.8
FST,12.11,10.04
FSTR,17.51,12.5
FSTX,7.97,2.57
FSV,160.81,117.73
FT,7.96,7.41
FTAAU,10.06,9.84
FTAI,28.53,18.73
FTAIN,26.93,25.03
FTAIO,25.74,22.73
FTAIP,26.35,24.18
FTCH,40.72,6.81
FTCI,9.45,3.86
FTCV,10.99,9.83
FTCVU,11.95,9.87
FTCVW,2.8,0.17
FTDR,52.99,24.39
FTEK,1.85,1.18
FTEV,9.68,9.78
FTF,8.56,6.7
FTFT,2.87,0.43
FTHM,30.17,8.06
FTHY,19.69,15.25
FTI,8.04,8.02
FTK,2,1.21
FTNT,214.57,285.84
FTPAW,1.23,0.22
FTRP,4.84,0.84
FTS,45.72,50.78
FTV,71.63,58.97
FUBO,21,2.99
FUL,66.57,67.99
FULC,9.12,8.36
FULT,16.78,15.45
FULTP,26.1,20.19
FUN,45.5,42.17
FUNC,17.8,18.92
FUND,8.45,8.2
FURY,1.43,0.6
FUSB,10.79,11.06
FUSN,8.15,3.79
FUTU,134.87,31.6
FUV,8,3.68
FVAM,10.09,9.86
FVCB,17.75,19.9
FVRR,189.7,35.89
FVT,9.75,9.8
FWAC,10,9.72
FWONA,40.13,55.51
FWONK,44.91,60.83
FWP,7.56,5.24
FWRD,93.84,92.83
FYBR,25,23.05
FZT,9.73,9.76
G,44.7,42.11
GAB,7.4,6.54
GABC,39.81,36.75
GAIA,10.73,4.85
GAIN,13.64,14.56
GAINN,25.72,24.73
GALT,3.84,1.19
GAM,42.79,36.24
GAME,8.01,0.88
GAN,16.24,3.12
GANX,10.8,2.56
GAPA,9.71,9.92
GASS,2.93,2.42
GATO,16.45,3.08
GATX,97.34,105.49
GAU,1.35,0.4
GB,9.66,4.77
GBAB,24,19
GBCI,56.91,46.41
GBDC,15.51,13.6
GBIO,29.92,4.87
GBL,28.91,20.88
GBLI,30.72,26.7
GBNY,9.9,11.6
GBOX,10.08,2.44
GBR,3.99,1.81
GBRG,9.8,10.11
GBRGW,0.26,0.04
GBS,3.15,0.58
GBT,38.12,25.68
GBX,43.94,39.16
GCBC,27,51.44
GCI,4.88,3.62
GCMG,11.92,8.04
GCMGW,1.71,0.9
GCO,53.44,50.96
GCP,24.64,30.88
GCTK,4.55,2.79
GCV,6.37,5.69
GD,188.91,219.82
GDDY,80.24,68.99
GDEN,39.45,40.58
GDL,8.98,8.15
GDO,18.13,14.32
GDOT,39.64,27.5
GDRX,34.01,7.5
GDS,73.05,25.01
GDV,26.25,21.5
GDYN,15.23,16.77
GE,104.96,74.52
GECC,20.76,12.4
GECCN,25.09,25.15
GEF,61.31,60.32
GEG,2.61,2.21
GEL,9.4,11.46
GENC,11.89,9.99
GENE,4.02,1.27
GENI,21.24,2.71
GEO,5.27,6.99
GEOS,8.12,5.66
GER,11.31,12.44
GERN,1.34,1.27
GES,27.75,16.67
GEVO,6.93,3.55
GF,20.21,9.59
GFF,25.64,29.65
GFI,12.12,11.76
GFL,32.55,29.57
GFLU,76.64,67.66
GFX,9.66,9.81
GGAL,8.1,9.35
GGB,6.05,6
GGG,75.06,61.03
GGN,4.03,3.97
GGPI,9.73,10.18
GGPIW,1.06,2.27
GGR,9.75,4.1
GGROW,0.67,0.65
GGT,9.5,7.31
GGZ,15.88,12.26
GH,124.8,37.27
GHC,651.9,590.44
GHG,13.71,3.96
GHL,17.12,11.47
GHLD,15.4,9.99
GHM,14,7.71
GHSI,1.47,0.15
GHY,15.29,12.01
GIB,90.97,83.11
GIC,33.03,32.35
GIFI,4.77,3.4
GIGM,2.72,1.61
GIII,31.32,20.78
GIIX,9.9,9.85
GIIXW,0.98,0.55
GIL,35,29.66
GILD,66.23,64.35
GILT,9.28,6.57
GIM,5.6,4.59
GIS,62.85,69.14
GIWWU,9.98,10.06
GJH,10.51,10.08
GJO,23.6,23.05
GJS,20.92,21.5
GKOS,75,38.94
GL,103.69,94.74
GLAD,10.81,11.01
GLAQ,9.97,10.28
GLAQW,0.51,0.39
GLBE,32.47,17.24
GLBLW,0.65,0.76
GLBS,4.27,1.94
GLDD,14.26,14.62
GLDG,1.87,1.25
GLG,1.04,0.17
GLHAW,0.89,0.19
GLMD,2.44,0.59
GLNG,11.6,23.77
GLO,11.94,7.52
GLOB,215.96,184.01
GLOP,3.03,4.8
GLP,25.74,28.3
GLPG,73.14,55.26
GLPI,46.27,44.85
GLQ,13.86,9.07
GLRE,9.05,7.4
GLS,9.74,4.79
GLSI,33.76,8.46
GLSPU,9.99,10.42
GLT,14.53,8.32
GLTO,4.93,1.22
GLU,21.85,16.49
GLV,10.64,8.6
GLW,43.81,33.27
GLYC,2.27,0.58
GM,56.76,35.21
GMAB,40.13,30.53
GMBL,10.74,0.36
GMBLW,7.15,0.14
GMDA,5.85,2.11
GME,209.43,89.15
GMED,70.87,65.48
GMGI,10.5,3.88
GMRE,14.44,12.61
GMS,44.9,46.14
GMTX,10.9,1.27
GNCA,2.14,0.06
GNE,6.29,7.28
GNFT,4.02,3.45
GNK,15.45,24.53
GNL,19.14,14.13
GNLN,3.66,0.3
GNPX,3.59,1.6
GNRC,312.9,215.63
GNSS,5.61,3.08
GNT,5.82,5.26
GNTX,34.75,29.5
GNTY,37.5,35.58
GNUS,1.59,0.69
GNW,4.1,3.94
GO,33.88,38.98
GOAC,9.8,9.93
GOCO,11.19,0.66
GOED,4.71,1.39
GOEV,7.55,3.1
GOEVW,1.68,0.47
GOF,20.69,17
GOGL,9.95,15.38
GOGO,12.03,18.98
GOL,9.69,6.22
GOLD,24.58,21.31
GOLF,51.24,37.99
GOOD,20.71,19.5
GOODN,26.15,23.87
GOOG,2409.07,2118.52
GOOGL,2362.87,2119.4
GOOS,38.48,18.45
GORO,2.76,1.96
GOSS,8.95,7.46
GOTU,19.95,1.21
GOVX,5.18,2.29
GOVXW,1.14,0.92
GP,16.12,3.91
GPAC,9.75,9.8
GPACU,9.9,9.82
GPACW,0.94,0.18
GPC,129.98,130.93
GPI,160.9,174.37
GPJA,26.25,24.09
GPK,17.67,20.49
GPL,0.77,0.21
GPMT,14.06,10.41
GPN,195.11,122.86
GPOR,61.8,95.74
GPP,12.04,12.59
GPRE,29.12,32.14
GPRK,14.44,15.74
GPRO,11.01,6.28
GPS,32.66,9.47
GRAB,11.45,2.55
GRABW,3.5,0.49
GRAY,3.53,0.85
GRBK,22.48,21.79
GRC,35.63,28.6
GRCL,15.51,3.1
GRF,9.1,9.55
GRFS,18.65,13.28
GRIL,1.29,0.33
GRIN,8,26.8
GRMN,140.87,98.94
GRNA,9.72,7.38
GRNAW,0.85,0.88
GRNQ,1.25,0.32
GROM,6.75,0.58
GROW,5.88,4.43
GROY,4.89,3.26
GRPN,46.6,11.43
GRTS,8.73,1.8
GRTX,8.22,1.66
GRVY,129.3,55.92
GRWG,38.99,4.57
GRX,13.29,11.24
GS,364.51,313.95
GSAQ,9.69,9.92
GSAQU,10,9.91
GSAQW,0.65,0.09
GSAT,1.34,1.17
GSBC,54.64,57.84
GSBD,19.21,17.53
GSEV,9.87,9.76
GSEVU,10,9.81
GSEVW,1.06,0.54
GSHD,85.3,48.38
GSIT,6.47,3.55
GSK,38.66,45
GSL,16.01,21.94
GSLD,25.97,25.75
GSM,4.39,6.42
GSMG,3.67,0.68
GSMGW,0.13,0.01
GSQD,9.81,9.81
GSV,0.62,0.38
GT,18.7,11.36
GTBP,15.4,2.6
GTE,0.6,1.55
GTEC,7.95,3.2
GTES,17.1,12.29
GTH,20.69,1.37
GTHX,20.77,4.67
GTIM,4.17,2.62
GTLS,148.66,175.2
GTN,22.71,19.06
GTPA,9.83,9.8
GTPAU,9.98,9.85
GTPBW,1.25,0.44
GTX,8.13,5.73
GTY,30.58,27.52
GTYH,5.91,5.84
GURE,6.32,4.08
GUT,6.22,6.99
GVA,39,32
GVP,1.65,1.29
GWH,9.85,4.23
GWRE,96.18,75.8
GWRS,16.6,14.08
GWW,460.82,472.01
GXIIW,0.83,0.14
H,77.01,80.85
HA,26.25,15.49
HAAC,10.01,9.85
HAACU,10.45,9.88
HAACW,1.64,0.23
HAE,55.22,60.77
HAFC,20.29,22.55
HAIN,40.32,25.46
HAL,21.94,38.48
HALL,4.43,2.72
HALO,42.23,44.82
HAPP,1.77,0.18
HARP,18.78,2.18
HAS,94.04,81.61
HASI,48.78,37.38
HAYN,33.09,37.52
HAYW,24.64,14.12
HBAN,15.36,13.42
HBANP,25.37,18.3
HBB,23.37,9.61
HBCP,39.41,33.95
HBI,19.09,11.15
HBIO,6.94,3.79
HBM,7.01,5.64
HBNC,17.65,17.47
HBT,17.54,16.62
HCA,210.21,204.76
HCAR,9.67,9.81
HCARW,0.64,0.15
HCAT,53.72,13.71
HCC,17.09,33.23
HCCI,30.63,26.17
HCDI,3.14,1.78
HCI,76.85,66.41
HCIC,9.87,9.79
HCICU,10.15,9.85
HCICW,1.16,0.22
HCKT,17.44,19.54
HCM,27.05,8.59
HCSG,29.9,17.13
HCXY,26.99,25.2
HD,316.75,287.92
HDB,73.01,54.25
HDSN,2.37,9.09
HE,42.9,42.07
HEAR,29.88,17.05
HEES,35.87,33.39
HEI,135.08,135.05
HELE,215.44,175.8
HEP,21.16,17.94
HEPA,1.61,0.7
HEQ,12.74,13.8
HERA,9.71,9.78
HERAU,10,9.8
HERAW,1.32,0.19
HES,82.43,117.73
HESM,24.79,31.19
HEXO,6.19,0.26
HFFG,6.14,5.17
HFRO,11.49,11.56
HFWA,27.8,24.82
HGBL,2.78,1.19
HGEN,20,2.08
HGLB,8.81,10.28
HGV,46.35,40.73
HHC,104.22,82.09
HHLA,9.88,9.8
HHS,6.11,8.43
HI,45.08,39.72
HIBB,76.75,41.57
HIE,10.09,10.01
HIFS,286,304.9
HIG,64.58,68.95
HIGA,9.72,9.87
HIHO,3.46,1.95
HII,211.88,204.08
HIIIU,10,9.79
HIL,2.51,1.53
HIMS,11.65,3.42
HIMX,11.06,8.95
HIO,5.16,4.09
HIPO,9.92,1.38
HITI,7.73,2.35
HIVE,12.5,3.82
HIW,44.89,38.73
HIX,6.76,5.08
HL,8.78,4.72
HLBZ,10.14,1.19
HLBZW,0.62,0.08
HLF,52.24,20.48
HLG,45.25,12.59
HLGN,9.7,3.73
HLI,72.88,82
HLIO,70.59,64.48
HLIT,6.73,9.41
HLLY,9.99,9.75
HLMN,10.75,10.88
HLNE,92.61,64.97
HLT,123.8,128.28
HLX,4.81,4.49
HMC,30.38,24.95
HMCO,9.8,9.83
HMCOW,0.96,0.26
HMLP,16.6,6.85
HMN,38.68,39.65
HMPT,6.24,3.77
HMST,44.35,39.93
HMTV,12.72,6.65
HMY,5.43,3.67
HNGR,25.53,15.61
HNI,44.78,37.04
HNNA,9.02,10.26
HNP,14.28,18.57
HNRG,2.14,4.29
HNST,14.98,3.01
HNW,15.04,11.45
HOFT,36.37,15.96
HOFV,3.68,0.67
HOFVW,1.05,0.18
HOG,46.59,31.62
HOLI,13.38,14.82
HOLX,62.68,78.39
HOMB,26.63,21.56
HON,224.04,189.96
HONE,14.33,13.91
HOOK,16.36,1.47
HOPE,14.89,14.06
HOTH,1.42,0.41
HOV,130.27,41.31
HOVNP,19.3,19.75
HOWL,12.89,4.13
HP,27.57,47.7
HPE,16.05,14.56
HPF,20.83,18.06
HPI,20.93,17.82
HPK,9.3,27.83
HPKEW,2.12,17.07
HPP,28.58,19.9
HPQ,31.86,34.77
HPS,18.74,16.62
HPX,9.78,9.95
HQH,24.59,19.45
HQI,17.76,14.85
HQL,19.94,14.52
HQY,79.01,59.26
HR,30.7,28.97
HRB,24.58,34.58
HRI,104.89,105.29
HRL,49.01,49.13
HRMY,32,41.5
HROW,9.42,6.15
HROWL,25.96,24.99
HRTG,8.19,3.41
HRTX,14,3.16
HRZN,16.29,11.71
HSAQ,10.1,9.94
HSBC,31.51,32.72
HSC,21.92,7.59
HSDT,13.3,1.28
HSIC,76.26,83.94
HSII,42.1,33.69
HSKA,199.71,95.17
HSON,18.02,38
HST,16.79,18.55
HSTM,26.42,19.85
HSTO,0.95,0.18
HSY,174.72,213.45
HT,10.32,9.76
HTA,28.17,29.7
HTBI,27.4,26.08
HTBK,11.38,11.11
HTD,24.17,23.95
HTGC,16.67,13.67
HTGM,3.8,0.59
HTH,35.54,29.56
HTHT,55.36,26.78
HTIA,24.49,23.8
HTLD,18,13.98
HTLF,48.39,42.68
HTLFP,27.97,26.72
HTOO,13.11,8.03
HTOOW,3.95,2.31
HTPA,9.71,9.85
HTY,6.59,5.54
HUBB,187.63,184.29
HUBG,68.48,70.36
HUBS,501.9,307.95
HUDI,5,25.9
HUGE,1.69,0.88
HUGS,9.77,9.93
HUIZ,6.02,0.94
HUM,441.88,440.42
HUMA,9.87,4.76
HUMAW,2.17,1.32
HUN,28.18,35.13
HURC,33.75,26.39
HURN,54.08,58.93
HUSA,1.51,2.99
HUSN,5.9,1.64
HUT,4.24,2.24
HUYA,14.61,3.58
HVT,43.2,26.03
HWBK,22.51,26.9
HWC,48.06,47.83
HWCPZ,28.05,25.38
HWKN,32.33,34.95
HWM,33.77,33.71
HXL,54.52,53.48
HY,72.4,35.92
HYACW,0.85,0.57
HYB,9.2,7.25
HYFM,58.65,6.12
HYI,15.48,12.58
HYLN,9.65,3
HYMC,3.72,1.22
HYMCW,0.63,0.21
HYMCZ,0.38,0.13
HYPR,9.76,2.66
HYRE,14.6,1.01
HYT,11.99,9.67
HYW,7.46,6.48
HYZN,10.01,4.06
HYZNW,1.72,0.93
HZN,8.66,2.2
HZNP,95.75,88.03
HZO,50.9,37.7
HZON,9.95,9.88
IAA,57.38,38.01
IAC,158.74,79.7
IAE,9.55,7.05
IAF,6.38,5.47
IAG,3.61,2.31
IART,70.05,60.1
IBA,46.47,46.76
IBCP,22.53,19.24
IBEX,21.37,16.88
IBIO,1.43,0.24
IBKR,66.91,56.51
IBM,137.34,133.8
IBN,17.67,18.33
IBOC,45.52,40.26
IBP,116.37,86.75
IBRX,15.74,3.68
IBTX,75.54,69.39
ICAD,16.69,3.52
ICCC,9.55,8.5
ICCH,15.6,16.89
ICCM,11.28,1.91
ICD,3.14,3.57
ICE,112.38,98.36
ICFI,88.69,96.06
ICHR,52.71,26.62
ICL,6.98,11.29
ICLK,11.26,0.6
ICLR,229.39,216.27
ICMB,5.65,4.72
ICPT,15.46,16.62
ICUI,207.25,180.13
ID,5.81,1.35
IDA,98.75,107.74
IDCC,71.93,60.78
IDE,13.47,10.23
IDEX,2.75,0.54
IDN,7.69,1.83
IDR,4.9,6.99
IDRA,1.07,0.59
IDT,27.82,26.89
IDW,4.05,1.3
IDXX,555.19,362.16
IDYA,19.69,10.31
IEA,11.72,7.68
IEAWW,1.79,1.5
IEP,58.21,51.32
IESC,50.88,29.5
IEX,221.52,187.47
IFBD,3.82,0.67
IFF,141.62,128.54
IFN,21.42,16.86
IFRX,2.88,1.31
IFS,26.84,25.85
IGA,9.69,9.28
IGAC,9.76,9.88
IGACU,10.2,9.95
IGACW,0.92,0.19
IGC,1.33,0.44
IGD,6.06,5.64
IGI,21.46,17.11
IGIC,9,7.73
IGMS,68.83,17.37
IGNYU,10.02,9.92
IGR,8.45,7.57
IGT,23.68,19.07
IH,9.27,2.41
IHD,8.26,5.9
IHG,69.82,59.99
IHIT,9.68,8.61
IHRT,22.36,10.31
IHT,6.61,2.48
IHTA,9.73,8.75
IIF,24.24,22.56
III,5.88,5.85
IIII,9.71,9.82
IIIIW,0.97,0.1
IIIN,35.4,38.97
IIIV,31.19,22.77
IIM,16.14,13.23
IIPR,178.99,124.12
IIVI,65.9,57.28
IIVIP,279.02,255.65
IKNA,19.61,3.35
IKT,4.75,0.76
ILMN,397.09,240.26
ILPT,24.91,14.45
IMAB,69.93,10.55
IMAC,1.81,1.06
IMACW,0.29,0.33
IMAX,21.61,15.06
IMBI,8.56,1.72
IMCC,4.42,1.1
IMCR,37.72,29.53
IMGN,6.1,3.54
IMH,1.93,0.69
IMKTA,60.36,86.28
IMMP,4.45,2.72
IMMR,7.98,5.18
IMNM,18.48,3.34
IMO,32.14,52.7
IMOS,32,32.06
IMPL,12.66,6.26
IMPX,9.82,9.9
IMRA,7.19,1.24
IMRN,4.83,2.74
IMTE,3.96,6.51
IMTX,11.21,6.95
IMUX,12.89,6.05
IMV,2.31,0.96
IMVT,15.12,3.88
IMXI,14.97,19.43
INBK,33.05,37.02
INBKZ,26,24.95
INBX,18.61,12.36
INCR,7.2,6.79
INCY,82.68,75.11
INDB,76.65,80.3
INDI,10.09,6.5
INDIW,1.73,1.2
INDO,5.25,14.35
INDP,14.8,2.34
INDT,65,62.11
INFI,3.01,0.57
INFN,9.23,5.31
INFU,19.78,8.59
INFY,18.73,18.4
ING,13.45,10.62
INGN,63.46,25.42
INGR,95.23,91.99
INKA,9.72,9.96
INKAW,0.7,0.16
INM,2.87,0.76
INMB,12.44,5.48
INMD,41.37,22.66
INN,9.37,8.19
INNV,20.77,4.55
INO,7.04,1.77
INOD,6.47,5.9
INPX,1.01,0.16
INSE,9.45,9.54
INSG,8.17,2.04
INSI,20.6,16.44
INSM,24.29,19.18
INSP,188.15,170.14
INSW,20.42,23.87
INT,31.28,24.35
INTC,56.87,41.67
INTT,13.34,6.81
INTU,438.99,358.97
INTZ,14.7,2.66
INUV,0.66,0.47
INVA,12.94,15.46
INVE,16.38,11.17
INVH,36.19,37.6
INVO,4.31,1.01
INVZ,9.6,3.89
INVZW,2.22,1.2
INZY,16.32,4.1
IONM,6.15,2.33
IONQ,9.97,5.39
IONS,35.28,37.11
IOR,11.92,12.79
IOSP,99.58,101.15
IOVA,18.05,14.36
IP,60.2,47.19
IPA,7.95,4.76
IPAR,73.37,69.3
IPDN,1.48,0.86
IPG,32.77,29.67
IPGP,208.11,95.02
IPHA,3.89,2.92
IPI,25.83,62.8
IPOD,10.49,9.96
IPOF,10.08,9.97
IPVA,9.74,9.76
IPVF,9.73,9.77
IPVIW,0.95,0.26
IPW,4.83,1.13
IPWR,11.24,11.2
IQ,13.96,3.41
IQI,13.27,10.19
IQV,242.13,201.99
IR,48.68,45.04
IRBT,94,44.13
IRCP,2.12,2.4
IRDM,37.35,36.25
IRIX,7.71,3.03
IRL,12.22,8.32
IRM,43.22,51.29
IRMD,27.7,31.64
IRNT,9.96,2.66
IRS,3.71,4.45
IRT,16.79,23.05
IRTC,73.58,130.43
IRWD,11.92,11.07
ISD,15.96,12.98
ISDR,25.02,22.4
ISEE,6.78,10.5
ISIG,6.65,6.9
ISLE,9.72,9.91
ISLEW,0.57,0.15
ISPO,10,4.84
ISR,0.75,0.29
ISRG,282,218.39
ISSC,5.54,8.9
ISTR,22.13,20.24
ISUN,8.92,3.04
IT,231.73,248.25
ITCB,4.07,3.52
ITCI,38.32,56.96
ITGR,90.67,77.09
ITHX,9.72,9.82
ITHXW,0.63,0.52
ITI,7.2,2.51
ITIC,174,157.73
ITOS,20.69,16.57
ITP,0.46,0.13
ITQRU,9.95,9.87
ITQRW,0.72,0.14
ITRG,3.34,0.91
ITRI,92.66,49.89
ITRM,1.12,0.23
ITRN,24.75,23.59
ITT,92.19,69.57
ITUB,4.43,5.39
ITW,232.57,203.22
IVA,14.38,9.04
IVAC,5.6,4.93
IVC,7.73,0.83
IVDA,4.79,1.4
IVH,13.83,10.9
IVR,3.5,1.73
IVZ,26.55,18.45
IX,87.98,92.35
IZEA,2.63,0.9
J,139.27,137.17
JACK,113.16,68.54
JAGX,4.56,0.38
JAKK,8.13,12.17
JAMF,32.84,25.17
JAZZ,177.71,142.98
JBGS,31.73,25.12
JBHT,167.67,161.94
JBK,30,25.9
JBL,55.5,56.63
JBLU,19.86,9.83
JBSS,91.3,73.94
JBT,128.01,112.94
JCE,16.31,13.9
JCI,64.94,50.95
JCICU,9.99,9.84
JCICW,0.69,0.12
JCO,8.58,7.94
JCTCF,9.95,6.85
JD,72.81,49.58
JEF,31.54,30.44
JELD,27.45,17.49
JEMD,8.13,6.89
JEQ,8.78,6.18
JFIN,5.61,1.68
JFR,9.6,8.55
JFU,1.34,0.88
JG,3,1.09
JGH,15.86,12.26
JHAA,10.15,9.04
JHG,37.47,26.66
JHI,18.44,14.1
JHS,15.83,12.22
JHX,32.12,25.78
JILL,15.96,16.88
JJSF,171.73,126.5
JKHY,156.41,183.85
JKS,33.12,57.75
JLL,204.14,186.92
JLS,20.84,17.13
JMIA,27.07,6.16
JMM,7.32,6.02
JMSB,18,27.57
JNCE,8.04,4.35
JNJ,170.08,181.4
JNPR,26.58,29.72
JOAN,14.04,7.14
JOB,0.53,0.56
JOBY,9.91,5.16
JOE,44.78,47.94
JOF,9.1,6.44
JOFF,9.69,9.77
JOFFU,9.95,9.82
JOFFW,0.82,0.13
JOUT,121.14,60.03
JP,1.81,0.42
JPC,9.73,7.83
JPI,25.34,19.86
JPM,161.85,126.36
JPS,9.88,7.39
JPT,24.57,19.07
JQC,6.57,5.33
JRI,15.6,13.87
JRO,9.54,8.32
JRS,10.85,10
JRSH,6.31,6.16
JRVR,33.18,25.32
JSD,14.47,12.27
JSM,24.62,20.57
JSPR,9.92,3.13
JT,2.66,1.58
JUPW,3.76,0.81
JUPWW,1.7,0.71
JVA,5.46,2.84
JWEL,7.4,2.26
JWN,36.48,20.68
JWSM,9.76,9.81
JYNT,68.5,15.03
JZXN,9.64,0.99
K,66.24,70.45
KAHC,9.72,9.76
KAI,166.51,182.84
KAIIU,9.95,9.78
KAIR,9.7,9.84
KAIRW,0.74,0.15
KALA,5.18,0.48
KALU,122.34,96.38
KALV,24.9,8.98
KAMN,51.62,35.33
KAR,18.12,14.8
KARO,37.21,23.78
KAVL,14.28,0.86
KB,51.17,47.22
KBAL,13.5,8.21
KBH,45.01,31.37
KBNT,4.87,1
KBNTW,1.83,0.17
KBR,40.67,48.07
KC,37.6,3.22
KDNY,17.63,15.11
KDP,36.5,35.29
KE,21.78,17.81
KELYA,24.85,19.39
KEN,35.5,56.66
KEP,11.03,9.3
KEQU,11.73,14.4
KERN,3.6,0.38
KERNW,1.01,0.06
KEX,64.56,64.65
KEY,22.67,19.05
KEYS,139.98,138.85
KF,44.13,27.95
KFRC,58.9,63.91
KFS,4.83,5.36
KFY,63.75,58.5
KGC,8.07,4.62
KHC,44.15,39.61
KIDS,53.92,41.32
KIII,9.68,9.76
KIIIU,9.93,9.82
KIIIW,0.6,0.12
KIM,20.53,22.48
KIND,10.07,2.54
KINS,8.14,4.44
KINZ,9.8,10.07
KINZW,0.7,0.1
KIO,16.18,12.38
KIQ,0.64,0.35
KIRK,26.58,6.16
KKR,55.58,49.99
KKRS,25.5,19.4
KLAC,317.92,330.09
KLIC,50.33,47.49
KLR,12.36,3.06
KLXE,11.5,5.26
KMB,132.1,132.15
KMDA,5.9,4.58
KMF,7.09,8.28
KMI,18.54,19.14
KMPH,10.01,4.52
KMPR,74.56,49.45
KMT,37.84,26.09
KMX,113.37,90.79
KN,20.12,18.68
KNBE,17.85,15.13
KNDI,4.96,2.47
KNOP,18.93,16.66
KNSA,13.28,8.38
KNSL,163.53,206.22
KNTE,22.3,9.93
KNTK,65.75,82.53
KNX,47.32,47.05
KO,54.79,64.02
KOD,82.67,6.52
KODK,6.66,4.15
KOF,48.42,57.09
KOP,33.22,25.02
KOPN,6.8,1.12
KOS,3.14,7.11
KOSS,20.78,6.13
KPLT,12.44,1.14
KPLTW,3.25,0.13
KPRX,4.57,0.39
KPTI,9.02,5.52
KR,36.46,51.51
KRBP,7.82,0.27
KRC,70,59.4
KREF,20.8,20.02
KRG,20.24,20.17
KRKR,2.4,0.73
KRMD,4.08,2.12
KRNLU,9.97,9.85
KRNLW,0.58,0.14
KRNT,100.24,38.37
KRNY,12.64,12.09
KRO,16.25,18.43
KRON,25.26,3.41
KROS,50.58,35.06
KRP,12.74,18.64
KRT,18.07,18.86
KRTX,116.26,105.41
KRUS,38.53,32.36
KRYS,65.52,53.86
KSI,9.62,9.75
KSICU,9.95,9.82
KSM,12.3,9.28
KSPN,21.5,3.32
KSS,55.06,36.18
KT,14.2,14.29
KTB,63.66,36.56
KTCC,7.01,5.11
KTF,11.9,9.15
KTN,33.21,29.5
KTOS,24.62,13.61
KTRA,1.48,0.15
KUKE,5.94,2.48
KULR,1.99,1.22
KURA,23,12.12
KVHI,13.81,7.3
KVSA,10.01,9.74
KVSC,9.98,9.71
KW,19.57,20.9
KWAC,9.95,10.37
KWR,236.69,143.5
KXIN,2.4,0.82
KYMR,43.68,14.18
KYN,8.09,9.02
KZIA,9.1,5.8
KZR,5.42,4.98
L,57.36,63.93
LAB,5.56,1.95
LABP,10.42,0.62
LAC,13.51,24.72
LAD,348.56,280.49
LADR,11.38,11.12
LAKE,24.78,16.44
LAMR,103.31,91.49
LANC,187.06,125.39
LAND,23.78,24.28
LANDM,25.47,25.56
LANDO,25.85,25.86
LARK,24.55,25.37
LASR,27.9,10.76
LAUR,14.21,12.59
LAZ,46,33.57
LAZR,20.43,8.47
LAZY,22.43,14.68
LBAI,18.4,15.01
LBC,11.72,13.34
LBPH,8.4,4.4
LBPS,11.55,3.2
LBPSW,0.88,0.28
LBRDA,162.14,114.47
LBRDK,166.6,119.43
LBRDP,27.29,25.86
LBRT,14.29,16.29
LBTYA,27.09,23.4
LBTYK,27.04,24.35
LC,14.23,12.71
LCA,9.7,9.76
LCAA,9.75,9.77
LCAAU,9.98,9.82
LCAAW,0.72,0.21
LCAHW,0.78,0.43
LCI,4.84,0.51
LCID,20.28,17.1
LCII,143.89,108.64
LCNB,17.6,15.73
LCTX,2.31,1.25
LCUT,15.16,11.02
LDHAU,9.92,9.83
LDHAW,0.9,0.26
LDI,15.05,2.74
LDOS,102.36,101.97
LDP,26.45,20.39
LE,24.41,10.57
LEA,185.94,127.92
LEAP,10.3,9.9
LECO,127.25,129.93
LEDS,9.5,2.28
LEE,27.18,21.36
LEG,54.19,36.47
LEGAU,10,9.8
LEGH,18.81,16.05
LEGN,36.57,39.03
LEJU,20.2,4.02
LEN,96.74,71.99
LEO,8.93,6.61
LESL,29.04,17.9
LEU,21.92,22.73
LEV,20.05,5.28
LEVI,27.09,16.38
LEXX,5.81,1.88
LEXXW,2.59,0.7
LFC,10.62,7.33
LFG,15.89,18.52
LFLY,9.93,9.18
LFLYW,0.9,1.35
LFMD,11.64,2.13
LFT,3.57,2.47
LFTR,9.69,9.87
LFTRW,0.93,0.12
LFUS,254.57,261.07
LFVN,8.03,3.82
LGAC,9.81,9.8
LGACU,9.99,9.83
LGACW,1.1,0.25
LGHL,2.06,1.01
LGHLW,0.2,0.09
LGI,20.41,15.4
LGIH,172.28,88.67
LGL,10.99,11.5
LGMK,7.4,1.17
LGND,119.56,81.56
LGO,13.44,8.92
LGV,9.8,9.76
LGVN,6.27,7.52
LH,274.45,249.15
LHC,9.77,9.81
LHCG,197.85,165.81
LHDX,4.98,2.05
LHX,216.55,237.66
LI,19.99,21.76
LICY,10.09,7.97
LIDR,9.99,4.87
LIDRW,1.34,1.07
LIFE,4.26,2.81
LII,344.56,201.72
LILA,13.85,9.03
LILAK,14.04,9.01
LILM,9.9,2.65
LILMW,1.24,0.33
LIN,301.25,320.49
LINC,7.58,5.51
LIND,17.3,11.98
LINK,11.88,8.99
LIQT,7.27,0.54
LITB,2.91,1.16
LITE,80.05,83.65
LIVE,43.08,34.5
LIVN,82.91,63.57
LIXT,2.73,0.77
LIXTW,0.61,0.2
LIZI,4.34,1.15
LJAQW,0.57,0.25
LJPC,3.74,3.75
LKCO,1.33,0.39
LKFN,59.58,71.65
LKQ,50.02,48.93
LL,21.49,10.67
LLL,3.13,1.52
LLNW,3.06,3.35
LLY,199.22,305.96
LMACA,10.16,9.85
LMACU,10.59,10
LMACW,2.2,0.65
LMAO,9.84,10.13
LMAOW,0.39,0.15
LMAT,49.94,43.87
LMB,9.44,5.74
LMDX,9.86,3.57
LMDXW,1.01,0.85
LMFA,4.19,1.3
LMND,76.06,19.79
LMNL,4.25,0.51
LMNR,18.21,11.27
LMPX,13.83,3.91
LMST,15.75,19
LMT,385.85,442.78
LNC,67.16,52.99
LND,5.71,6.47
LNDC,11.54,9.24
LNFA,9.91,10.07
LNG,84.61,130.49
LNN,162.95,126
LNSR,8.41,7.1
LNT,57.6,61.32
LNTH,20.25,63.76
LNW,66.69,46.97
LOAN,6.58,5.39
LOB,58.34,36.72
LOCL,9.67,5.08
LOCO,16.44,10.04
LODE,3.85,0.77
LOGC,4.14,0.42
LOGI,116.07,57.32
LOMA,6.16,5.75
LOOP,8.42,5.31
LOPE,91.19,87.95
LOTZ,5.21,0.49
LOTZW,1.23,0.11
LOV,5.07,1.79
LOVE,77.29,26.44
LOW,193.02,184.62
LPCN,1.37,0.87
LPG,14.46,16.02
LPI,51.2,67.01
LPL,9.99,6.71
LPLA,146.86,183.94
LPRO,37.07,12.3
LPSN,53.92,14.32
LPTH,2.26,1.64
LPTX,1.57,1.12
LPX,64.74,63.56
LQDA,2.92,3.37
LQDT,23.89,13.14
LRCX,640.37,470.97
LRMR,13.51,2.7
LRN,27.07,37.25
LSAK,4.97,4.58
LSCC,51.65,47.54
LSEA,9.05,6.99
LSEAW,0.31,0.21
LSF,33.36,2.5
LSI,97.71,113.12
LSPD,72.76,21.51
LSTR,165.26,147.79
LSXMA,42.09,39.92
LSXMK,41.84,39.88
LTBR,5.57,5.39
LTC,39.36,37.98
LTCH,10.22,2.14
LTCHW,2.19,0.31
LTHM,18,29.22
LTRN,14.28,5.92
LTRPA,4.44,1.11
LTRPB,31.1,9.99
LTRX,5.27,5.26
LTRY,12.5,1.25
LTRYW,2.09,0.25
LU,12.52,5.8
LUB,3.7,1.79
LULU,324.11,257.51
LUMN,14.06,11.88
LUMO,11.08,7.66
LUNA,10,5.75
LUNG,42,18.63
LUV,60.55,41.73
LUXA,10,9.86
LUXAU,10.32,9.93
LVO,3.73,3.48
LVOX,10.1,2.2
LVOXW,1.5,0.26
LVRAU,9.99,9.79
LVS,57.67,30.98
LVTX,11.91,3.32
LW,80.25,63.73
LWAY,5.31,5.16
LWLG,1.46,7.36
LX,9.34,2.19
LXEH,8.8,3.55
LXFR,22.33,15.99
LXP,12.2,11.37
LXRX,4.12,1.62
LXU,4.68,19.35
LYB,109.89,106.44
LYFT,52.76,16.72
LYG,2.73,2.22
LYRA,6.91,6
LYTS,8.98,6.32
LYV,90.37,84.45
LZB,41.63,23.06
M,17.96,17.61
MA,367.22,340.69
MAA,159.55,180.42
MAC,14.96,11.43
MACAW,0.64,0.14
MACC,9.66,9.76
MACK,6.46,5.13
MAG,20.89,14.87
MAIN,40.99,36.12
MAN,121.03,88.54
MANH,133.44,114.37
MANT,86.28,94.83
MANU,15.55,12.56
MAPS,15.57,5.41
MAPSW,5.37,1.12
MAR,142.79,152.64
MARA,22.62,9
MARK,1.59,0.43
MAS,61.05,54.55
MASI,218.86,141.46
MASS,38.98,13.84
MAT,20,21.62
MATW,38.5,31.34
MATX,62.15,85.13
MAV,12.07,8.94
MAX,39.14,9.64
MAXN,15.43,10.95
MAXR,29.82,24.48
MBAC,9.63,9.79
MBCN,23.16,24.63
MBI,9.48,13.25
MBII,1.41,1.16
MBIN,27.63,24.29
MBINN,26.6,23
MBINP,26.71,25.59
MBIO,3.16,0.66
MBOT,7.35,4.71
MBRX,3.56,1.33
MBUU,74.54,56.16
MBWM,31,31.4
MC,52.3,44.07
MCB,60.84,72.79
MCBC,9.36,9
MCBS,16.67,20.18
MCD,232.14,244.52
MCFT,28.18,21.87
MCHP,77.38,67.1
MCHX,2.36,1.92
MCI,14.85,13.9
MCK,196.02,328.8
MCLD,2.82,2.39
MCN,8.11,6.79
MCO,333.02,292.88
MCR,8.94,6.56
MCRB,20.73,3.04
MCRI,70.77,63.28
MCS,19.86,13.66
MCY,63.13,47.96
MD,31.57,18.27
MDB,288.56,223.61
MDC,56.85,34.75
MDGL,119.51,63.19
MDGS,1.65,0.81
MDGSW,0.67,0.3
MDH,9.73,9.81
MDIA,2.96,2.85
MDJH,4.82,1.54
MDLZ,63.71,63
MDNA,3.7,1
MDRR,1.36,1.05
MDRX,16.59,17.05
MDT,128.4,105.59
MDU,33.62,26.81
MDVL,11.45,1.63
MDWD,3.38,1.73
MDWT,41.8,10.94
MDXG,9.79,3.45
ME,9.97,2.8
MEC,18.72,8.32
MED,324.64,157.78
MEDP,166.39,133.32
MEDS,3.33,1.42
MEG,49,37.94
MEI,46.76,42.27
MEIP,2.71,0.42
MELI,1365.42,699.86
MEOH,35.29,48.94
MERC,14.24,13.98
MESA,10.44,2.62
MESO,7.39,3.46
MET,64.02,63.88
METC,5.08,14.57
METX,29.55,1.17
METXW,0.23,0.1
MFA,17.36,13.24
MFC,20.57,17.55
MFD,9.79,9.92
MFG,3.17,2.39
MFGP,6.99,4.63
MFH,5.55,1.24
MFIN,9.03,7.31
MFM,7.19,5.55
MFV,6.57,5.16
MG,9.99,5.42
MGA,95.38,60.41
MGEE,74.11,79.91
MGF,4.36,3.57
MGI,9.04,9.77
MGIC,16.2,16.5
MGM,42.21,31.11
MGNI,29.53,9.25
MGNX,29.57,3.73
MGPI,67.4,92.05
MGR,27.67,24.67
MGRB,26.05,19.92
MGRC,84.2,81.07
MGTA,11.43,1.17
MGTX,13.69,8
MGU,23.47,24.68
MGY,11.72,25.51
MGYR,13.35,11.55
MHD,16.63,12.99
MHF,8.05,6.79
MHH,15.55,16.99
MHI,12.71,9.42
MHK,207.36,132.27
MHLA,22.06,17.48
MHLD,3.26,2.08
MHN,14.48,11.28
MHNC,23.88,19.24
MHO,67.36,43.09
MIC,34.62,3.82
MICT,1.86,0.69
MIDD,165.35,138.95
MIGI,6.6,2.35
MILE,7.77,0.98
MILEW,1.82,0.15
MIMO,9.98,2.95
MIN,3.7,3
MIND,2.18,0.89
MINDP,25.68,13.85
MINM,3,0.52
MIR,10.06,7.27
MIRM,15.84,25.26
MIST,5.61,5.48
MIT,9.76,9.74
MITC,7.02,3.6
MITK,17.13,8.72
MITO,1.31,0.23
MITT,12.51,7.92
MIXT,13.86,9.76
MIY,15.26,13.11
MKC,90.3,93.71
MKD,12.02,0.84
MKFG,9.96,2.48
MKL,1217.79,1341.66
MKSI,186.35,114.68
MKTW,9.91,2.73
MKTWW,1.4,0.37
MKTX,458.52,279.02
ML,9.91,1.45
MLAB,248.09,209.7
MLCO,16.91,4.78
MLI,45.98,53.22
MLKN,45.83,27.68
MLM,362.27,325.35
MLP,10.48,10.5
MLR,40.87,24.33
MLSS,2.04,0.89
MLTX,10,4.83
MLVF,18.51,15.65
MMAT,4.58,1.83
MMC,136.6,153.6
MMD,22.37,18.09
MMI,37.83,40.45
MMLP,2.55,4.07
MMM,201.71,145.75
MMMB,2.45,1.13
MMP,48.52,48.83
MMS,90.95,64.92
MMSI,63.19,59.02
MMT,6.46,4.63
MMU,13.44,10.67
MMX,5.94,4.32
MMYT,26.46,25.18
MN,7.8,12.38
MNDO,3.09,2.45
MNKD,4.1,4
MNMD,3.19,0.78
MNOV,4,2.38
MNP,15.72,12.61
MNPR,5.25,2.24
MNRL,17.61,27.71
MNRO,62.59,43.21
MNSB,21.2,24.91
MNSO,23.74,5.29
MNST,93.03,87.49
MNTK,9.75,12.07
MNTS,10.17,2.55
MNTSW,2.15,0.42
MNTV,19.15,11.3
MNTX,7.08,7.05
MO,49.61,52.93
MOD,16.22,8.57
MODD,14.52,4.5
MODN,34.1,21.56
MODV,147.5,96.89
MOFG,30.56,30.03
MOGO,7.55,1.06
MOGU,19.2,2.12
MOH,253,312.59
MOHO,1.7,0.16
MOMO,13.97,4.4
MOR,21.96,5.05
MORF,45.32,22.25
MORN,236.54,241.56
MOS,34.77,58.2
MOTS,1.01,0.26
MOV,29.47,30.36
MOVE,5.08,1.91
MOXC,17.96,1.15
MP,25.88,36.82
MPA,15.4,13.07
MPAA,22.38,13.92
MPACU,10.2,10.37
MPB,27.82,26.56
MPC,60.01,97.3
MPLN,8.42,5.03
MPLX,28.76,31.23
MPV,13.5,12.62
MPW,21.31,18.47
MPWR,331.35,388.44
MPX,16.14,10.42
MQT,14.44,11.17
MQY,16.52,12.34
MRAM,5.37,5.22
MRBK,26.22,30.77
MRC,10.58,10.4
MRCC,10.74,9.7
MRCY,63.5,56.91
MREO,3.11,0.47
MRIN,1.54,1.9
MRK,73.9,94.64
MRKR,2.68,0.34
MRM,9.14,7
MRNA,169.26,132.06
MRNS,17.73,5.01
MRO,11.66,28.08
MRSN,13.97,3.26
MRTN,16.51,17.27
MRTX,149.5,58.8
MRUS,20.97,14.87
MRVI,36.63,34.11
MRVL,48.03,52.4
MS,88.86,81.96
MSA,166.9,124.55
MSAC,9.7,9.78
MSB,36.56,26.41
MSBI,26.84,25.72
MSCI,464.61,414.61
MSD,9.25,7.11
MSDA,9.89,9.8
MSEX,84.8,88.94
MSFT,251.72,259.62
MSGE,89.03,63.11
MSGM,16.09,0.68
MSGS,190.38,159.61
MSI,203.85,214.65
MSM,93.78,82.93
MSN,1.06,0.64
MSP,26.51,33.79
MSTR,469.67,193.01
MSVB,15.25,13.74
MT,30.7,30.57
MTA,10.39,5.61
MTAC,10,9.8
MTB,157.27,169.06
MTBC,8.04,3.81
MTBCP,28.57,26.38
MTC,1.6,0.38
MTCH,144.26,71.79
MTCN,71.98,72.36
MTCR,3.84,0.47
MTD,1287.1,1231.46
MTDR,28.84,53.21
MTEM,8.76,1.02
MTEX,19.8,23.7
MTG,14.08,13.13
MTH,106.25,78.19
MTLS,25.97,14.37
MTMT,1.85,0.94
MTN,319.63,237.65
MTNB,0.76,0.68
MTOR,24.82,36.06
MTP,2.11,0.56
MTR,5.77,19.23
MTRN,76.68,77.35
MTRX,10.7,5.52
MTSI,55.2,50.19
MTTR,14.36,4.98
MTW,23.08,11.86
MTX,83.41,64.55
MTZ,114.83,79.11
MU,81.23,66.62
MUA,15.84,11.33
MUC,15.75,11.82
MUDS,13.09,10.05
MUDSW,4.25,0.44
MUE,13.8,10.83
MUFG,5.83,5.84
MUI,15.52,11.83
MUJ,15.6,12.97
MULN,10.33,1
MUR,20.7,36.63
MUSA,133.89,242.95
MUX,1.39,0.54
MVBF,41.3,37.5
MVF,9.42,7.29
MVIS,15.63,3.49
MVO,6.17,10.9
MVST,10.47,4.12
MVSTW,2.46,0.61
MVT,15.66,11.38
MWA,14.21,11.66
MX,24.37,18.76
MXC,8.04,16.92
MXE,11.76,8.65
MXF,14.98,15.55
MXL,36.34,35.29
MYD,14.92,11.08
MYE,21.57,23.03
MYFW,26.99,30.91
MYGN,28.7,21.35
MYI,14.48,11.41
MYMD,4.5,2.4
MYN,13.9,10.71
MYO,9.62,2
MYOV,22.79,9.72
MYPS,9.89,5.73
MYPSW,1.69,1.12
MYRG,81.49,89.31
MYSZ,1.19,0.22
MYTE,31.5,10.76
NAACW,0.85,0.21
NAC,15.45,11.84
NAD,15.58,12.23
NAII,14,9.68
NAK,0.55,0.3
NAN,14.67,11.51
NAOV,0.81,0.71
NAPA,18.67,19.36
NARI,87.5,60.83
NAT,3.6,2.16
NATH,64,46.4
NATI,39.95,34.58
NATR,19.93,12.02
NAUT,10.27,3.62
NAVB,1.62,0.85
NAVI,17.18,14.81
NAZ,15.6,12.84
NBB,22.72,17.99
NBEV,2.22,0.34
NBH,15.98,11.52
NBHC,39.54,39.41
NBIX,96.59,84.6
NBN,28.94,35.72
NBO,12.88,9.97
NBR,93.48,148.78
NBRV,1.48,0.19
NBSE,5.06,1.01
NBST,9.64,9.73
NBSTU,9.94,9.78
NBSTW,0.52,0.19
NBTB,38.63,36.57
NBW,14.42,11.26
NBY,0.66,0.19
NC,24.75,54.65
NCA,10.5,8.82
NCLH,31.12,13.29
NCMI,4.58,1.11
NCNA,3.1,0.6
NCNO,59,30.07
NCR,48.27,31.48
NCSM,27.98,36.3
NCTY,12.63,1.34
NCV,5.72,3.84
NCZ,5.04,3.32
NDAC,9.72,9.75
NDACU,10,9.82
NDAQ,164.31,146.63
NDLS,12.36,5.05
NDMO,16.31,10.93
NDP,19.3,30.8
NDRA,2.09,0.22
NDSN,216.83,210.86
NEA,15.21,11.73
NECB,16.65,11.05
NEE,73.37,74.67
NEGG,10.63,4.07
NEM,73.2,69.02
NEO,39.17,7.77
NEOG,45.83,26.45
NEON,6.3,6
NEP,67.56,68
NEPH,8.5,1.81
NEPT,1.27,0.14
NERV,2.94,0.35
NESR,12.97,7.31
NET,79.59,50.5
NETI,20.93,6.7
NEU,338.47,329.86
NEV,16.24,11.57
NEWP,6.26,3.15
NEWR,61.02,45.89
NEWT,33.34,23.45
NEWTL,25.56,25.16
NEWTZ,25.73,25.16
NEX,4.2,10.85
NEXA,10.21,8.67
NEXI,18.86,1.92
NEXT,1.86,6.75
NFBK,16.39,12.86
NFE,41.9,42.68
NFG,51.15,71.31
NFGC,10.06,5.92
NFJ,14.57,12.18
NFLX,501.34,180.34
NG,10.17,5.83
NGD,2.07,1.39
NGG,67.01,77.72
NGL,2.3,1.9
NGM,16.69,13.72
NGMS,56.86,11.8
NGS,10.21,13.23
NGVC,11.77,16.57
NGVT,82.91,68.76
NH,2.42,0.52
NHC,72.09,68.71
NHI,66.37,58.15
NHIC,9.98,9.83
NHICW,1.66,0.25
NHS,13.14,9.07
NHTC,7.2,6.71
NHWK,6.11,2.4
NI,25.33,31.24
NIC,1.02,1.25
NICE,228.4,190.7
NICK,10.25,9.02
NID,14.38,13.12
NIE,28.83,21.9
NILE,2.6,0.29
NIM,10.76,9.26
NIMC,105.34,118.86
NINE,2.03,2.7
NIO,36.07,14.63
NIQ,14.66,12.7
NISN,11.48,0.69
NIU,31.44,6.93
NJR,42.31,46.03
NKE,134.32,107.29
NKG,13.66,10.95
NKLA,12.32,5.88
NKSH,33.77,31.87
NKTR,17.57,3.39
NKTX,24.44,12.35
NKX,15.86,12.62
NL,7.55,7.95
NLOK,27.23,24.62
NLS,16.68,2.03
NLSN,26.96,25.54
NLSP,3.48,0.63
NLTX,9.87,0.94
NLY,9.23,6.45
NM,8.07,3.17
NMCO,14.9,12.31
NMFC,13,12.52
NMG,13.82,5.29
NMI,11.59,9.41
NMIH,23.39,17.36
NML,4.77,6.54
NMM,26.64,29.59
NMMC,9.85,9.88
NMR,5.62,3.85
NMRD,12.5,2.79
NMRK,12.63,10.35
NMS,16.2,15.17
NMT,14.89,11.87
NMTC,6.78,1.04
NMTR,1.19,0.47
NMZ,14.93,11.67
NNBR,7.27,2.62
NNDM,6.52,2.73
NNI,74.29,83.63
NNN,46.1,42.96
NNOX,22.08,9.19
NNVC,3.42,1.95
NNY,9.77,8.49
NOA,13.12,12.46
NOAC,9.85,9.84
NOACU,10.55,9.91
NOACW,0.74,0.09
NOAH,43.61,16.5
NOC,369.99,471.1
NODK,19.1,16.52
NOG,16.69,29.12
NOK,5,4.9
NOMD,30.94,20.88
NOTV,23.6,13.41
NOV,15.99,19.12
NOVA,27.87,17.08
NOVN,8.35,2.67
NOVT,136.05,122.16
NOW,479.9,419.65
NP,52.99,36.98
NPCE,21.67,5.9
NPCT,19.3,12.43
NPK,101.02,69.16
NPO,90.16,94.18
NPTN,10.23,15.11
NPV,16.12,12.19
NQP,14.7,11.77
NR,3.17,4.44
NRACU,9.97,9.82
NRBO,2.74,0.51
NRC,49.74,33.01
NRDY,10.13,2.1
NREF,19.96,24
NRG,32.75,45.81
NRGV,9.68,12.89
NRGX,11.55,14.55
NRIM,42.31,40.1
NRIX,24.47,9.92
NRK,13.87,11
NRO,4.81,4.43
NRP,18.3,49.52
NRT,5.79,17.55
NRUC,26.53,23.75
NRXP,23.41,1.41
NRXPW,8.28,0.6
NRZ,10.24,10.72
NS,18.38,15.25
NSA,45.17,50.22
NSC,277.96,232.31
NSEC,10.52,16.28
NSIT,102.87,95.56
NSL,5.66,4.91
NSP,90.71,93.22
NSPR,5.09,2.09
NSR,9.46,7.94
NSS,25,23.94
NSSC,16.81,16.56
NSTB,9.92,9.8
NSTC,9.71,9.76
NSTG,51.39,15.64
NSYS,6.18,11.7
NTAP,78.21,67.4
NTB,36.74,29.52
NTCO,19.1,6.83
NTCT,27.94,36.09
NTES,114.47,95.41
NTG,28.52,36.07
NTGR,37.57,18.99
NTIC,16.7,10.6
NTIP,3.25,2.39
NTLA,69.06,42.91
NTNX,30.97,20.95
NTR,60.4,99.32
NTRA,90.51,37.34
NTRB,16.7,4.39
NTRS,120.27,106.15
NTRSO,27.2,21.48
NTST,22.29,20.77
NTUS,26.87,32.81
NTWK,4.43,3.28
NTZ,17.19,10
NUE,100.05,124.22
NUO,16.11,12.72
NURO,2.9,4.38
NUS,59.57,44.4
NUTX,2.55,8.39
NUV,11.63,8.94
NUVA,69.06,55.16
NUVB,14.44,3.6
NUW,16.96,13.83
NUWE,3.81,0.63
NUZE,2.91,1.32
NVAX,147.55,46.54
NVCN,20.27,5.56
NVCR,187.93,73.59
NVDA,156.48,161.54
NVEC,68.77,47.4
NVEE,90.14,114.99
NVEI,74.33,44.57
NVFY,3.06,0.8
NVG,17.44,13.17
NVGS,10.41,13.64
NVIV,17.6,4.35
NVMI,97.96,97.97
NVO,80.38,107.98
NVOS,2.19,2.01
NVR,4836.36,4061
NVRO,149.83,43.2
NVS,88.48,91.93
NVSA,9.68,9.77
NVSAU,9.94,9.8
NVSAW,0.83,0.13
NVST,43.56,41.75
NVT,31.32,33.71
NVTA,28.93,3.44
NVTS,9.87,6.72
NVVE,9.78,6.42
NVVEW,1.3,0.62
NWBI,13.68,12.64
NWE,63.25,62.03
NWFL,25.08,24.8
NWG,5.7,5.57
NWL,27.95,18.83
NWLI,239.24,206.64
NWN,52.83,55.11
NWPX,32.04,34.4
NWS,25.47,16.87
NWSA,26.64,16.55
NX,25.96,19.29
NXC,17,13.52
NXDT,13.34,14.96
NXE,4.34,4.62
NXGN,17.98,17.9
NXJ,15.25,12.5
NXN,13.99,11.6
NXP,18.38,13.76
NXPI,204.76,179.12
NXPL,13.75,2.19
NXRT,51.42,72.2
NXST,151.77,160.43
NXTC,7.88,3.54
NYC,10.95,7.16
NYCB,11.66,9.7
NYMT,4.45,2.99
NYMTM,25,22.26
NYMTN,24.66,22.1
NYMX,1.47,0.38
NYT,43.59,32.55
NZF,16.79,12.5
O,66.66,68.44
OACB,9.77,9.95
OAS,82.96,146.53
OBCI,13.03,6.96
OBE,1.66,8.41
OBLG,3.3,0.27
OBNK,42.88,38.06
OBSV,2.79,1.67
OC,103.8,90.63
OCA,9.78,9.99
OCAX,9.89,10.04
OCAXU,10.12,10.06
OCC,3.31,3.71
OCCI,14.3,10.07
OCCIO,25.35,24.49
OCDX,20.09,17.73
OCFC,21.42,19.22
OCFCP,28,25.63
OCFT,19.06,1.35
OCG,4.22,3.1
OCGN,7.95,2.08
OCN,32.57,25.24
OCSL,6.6,6.74
OCUL,13.81,3.1
OCUP,4.24,2.01
OCX,4.34,0.98
ODC,36.02,23.6
ODFL,261.33,246.48
ODP,41.01,37.38
OEC,19.86,18.46
OEG,3.11,0.94
OEPWU,9.95,9.85
OEPWW,0.82,0.16
OESX,6,2.17
OFC,27.29,27.5
OFED,25.16,24.7
OFG,23.68,27.63
OFIX,41.2,26.67
OFLX,149.12,101.1
OFS,9.51,12.22
OG,6.85,1
OGE,33.73,40.63
OGEN,0.64,0.28
OGI,2.73,1.14
OGN,36.95,37.52
OGS,74.28,88.63
OHI,36.48,29.18
OHPAU,9.93,9.78
OHPAW,0.9,0.23
OI,17.93,14.18
OIA,8.27,6.46
OII,13.79,11.7
OIIM,7.33,3.77
OIS,6.03,7.32
OKE,52.66,63.73
OKTA,244.15,78.86
OLB,4.59,1.07
OLED,211.32,116.75
OLK,32.93,10.71
OLLI,79.32,42.01
OLMA,24.9,2.61
OLN,47.71,62.17
OLO,31.15,10.21
OLP,25.11,26.73
OM,46.93,22.78
OMAB,49.85,56.94
OMC,81.99,69.47
OMCL,135.86,109.39
OMER,14.81,2.67
OMEX,6.02,4.45
OMF,54.93,41.15
OMI,32.4,33.69
OMQS,8.75,6.29
ON,38.94,54.5
ONB,18.64,15.51
ONCR,16.38,1.25
ONCS,3.85,0.82
ONCT,5.14,0.8
ONCY,3.01,1.08
ONDS,6.78,6.51
ONEM,34.28,8.2
ONEW,48.22,32.24
ONTF,31.63,12.07
ONTO,67.89,70.59
ONTX,7.05,1.08
ONVO,7,2.42
OOMA,16.41,13.63
OPAD,9.9,4.65
OPCH,18.69,27.99
OPEN,14.75,6.16
OPFI,10.09,3.5
OPGN,2.08,0.36
OPHC,3.73,3.81
OPI,28.59,21.05
OPINL,26.96,23.96
OPK,3.64,3.03
OPNT,12.55,13.1
OPP,14.96,10.61
OPRA,11.52,4.98
OPRT,20.14,10.73
OPRX,48.28,24.56
OPT,9.07,7.05
OPTN,3.02,1.91
OPTT,2.14,0.95
OPY,48.42,32.94
OR,14.26,11.9
ORA,68.37,78.42
ORAN,12.86,12.69
ORC,5.52,3.08
ORCC,14.24,12.72
ORCL,78.83,69.03
ORGN,9.88,6.87
ORGNW,1.64,1.34
ORGO,16.5,5.64
ORGS,4.6,2.35
ORI,25.97,22.94
ORIC,22.51,3.15
ORLA,4.73,4.06
ORLY,534.8,608.18
ORMP,10.93,4.35
ORN,5.91,2.53
ORRF,24.75,24.02
ORTX,5.23,0.47
OSBC,13.24,14.63
OSCR,23.2,4.74
OSG,2.22,2.05
OSH,63.92,16.8
OSIS,95.49,82.16
OSK,130.03,88.99
OSPN,25.79,12.55
OSS,5.74,3.95
OSTK,78.53,25.77
OSTR,9.64,9.79
OSTRU,9.92,9.9
OSUR,9.34,4.51
OSW,10.74,8.92
OTEX,46.16,38.2
OTIC,2.3,1.75
OTIS,77.69,75.49
OTLK,2.48,1.5
OTLY,21.2,3.44
OTRK,29.94,1.44
OTRKP,24.41,4.38
OTTR,46.97,63.67
OUST,10.33,2.12
OUT,23.7,18.63
OVBC,22.76,30.09
OVID,3.9,1.89
OVLY,18.38,17.15
OVV,25.17,48.92
OWL,12.49,11.89
OWLT,9.99,3.75
OXBR,2.3,4.62
OXBRW,0.15,0.41
OXLC,6.78,6.37
OXLCL,25.91,25.27
OXLCM,25.25,25.45
OXLCP,25.05,24.36
OXM,91.59,79.34
OXSQ,4.8,3.98
OXSQG,24.85,24
OXY,24.62,65.07
OYST,17.32,3.67
OZK,41.17,38.77
PAA,10.44,10.9
PAAS,33.97,22.48
PAC,107.3,146.43
PACB,25.69,5.39
PACK,24.68,11.71
PACW,43.7,29.22
PACX,9.73,9.82
PACXU,10,9.83
PACXW,0.78,0.18
PAG,83.93,108.87
PAGP,10.8,11.33
PAGS,46.77,13.35
PAHC,27.57,18.5
PAI,15.48,12.33
PALI,3.59,0.49
PALT,2.72,2.19
PAM,14.39,22.94
PANL,3.86,6.2
PANW,365.08,477.14
PAQC,9.65,9.82
PAQCW,0.69,0.26
PAR,66.21,33.83
PARA,40.9,31.8
PARAA,45.01,34.12
PARAP,71.99,47
PARR,13.43,15.54
PASG,13.75,1.76
PATH,84,15.95
PATI,11.01,7.57
PATK,85.2,54.68
PAVM,4.75,0.99
PAVMZ,3.45,0.61
PAX,15.82,16.36
PAYA,9.86,5.7
PAYC,330,266.69
PAYS,3.21,1.28
PAYX,101.09,117.84
PB,72.82,70.22
PBA,31.81,39.36
PBF,14.89,30.41
PBFS,11.65,9.81
PBFX,15.64,15.79
PBH,49.21,55.64
PBHC,14.51,19.8
PBI,7.83,4.34
PBIP,13.92,15.75
PBLA,4.17,1.45
PBPB,6.89,5.1
PBR,9.39,14.23
PBT,4.25,16.74
PBTS,1.17,0.31
PBYI,9.88,1.84
PCAR,90.55,82.24
PCB,15.69,19.02
PCF,9.67,7.4
PCG,10.06,11.92
PCGU,100.1,110.46
PCH,59.03,53.28
PCK,9.24,6.9
PCM,11.92,9.96
PCN,18.24,14.03
PCOM,17.32,24.36
PCOR,81.9,40.57
PCPC,24.39,24.51
PCQ,18.56,14.07
PCRX,66.4,60.65
PCSA,6.3,2.22
PCSB,17.61,19.7
PCT,16.01,8.93
PCTI,6.61,4.02
PCTTU,22.69,11.75
PCTTW,6.6,3.34
PCTY,169.48,163.15
PCVX,20.63,26.2
PCYG,6.09,5.23
PCYO,13.47,10.42
PD,38.64,22.07
PDCE,39.55,67.72
PDCO,33.45,31.25
PDD,130.82,36.96
PDEX,33.75,15.05
PDFS,17.55,22.4
PDI,28.66,21.04
PDLB,11.54,9.2
PDM,18.31,14.57
PDO,20.43,15.04
PDS,30.81,78
PDSB,8.68,4.99
PDT,16.42,14.73
PEAK,33.55,29.46
PEAR,9.77,4.12
PEARW,0.89,0.45
PEB,21.71,20.45
PEBO,31.61,27.6
PED,1.35,1.2
PEG,62.19,68.7
PEGA,121.65,46.54
PEGY,25.44,2.25
PEI,1.87,0.4
PEN,250.05,140.05
PENN,79.74,28.49
PEO,15.64,22
PEP,148.3,167.82
PERI,16.34,17.88
PESI,7.19,5.68
PETQ,40.49,14.09
PETS,27.82,20.77
PETV,10.1,1.47
PETZ,2.02,0.18
PFBC,65.07,66.21
PFC,30.08,26.1
PFD,17.06,12.02
PFDR,9.81,9.79
PFE,39.33,53.41
PFG,63.99,70.34
PFGC,49.59,38.87
PFH,25.65,19.98
PFHD,18.25,21.45
PFIE,1.06,1.35
PFIN,6.11,5.29
PFIS,43.25,51.16
PFL,12.53,9.12
PFLT,12.39,11.2
PFMT,2.73,2.13
PFN,10.57,7.79
PFO,13.13,9.5
PFS,24.34,22.59
PFSI,61.09,49.56
PFSW,7.44,12.25
PFX,40.2,38.31
PFXNL,25.36,25.27
PG,138.43,147.63
PGC,32.3,31.93
PGEN,6.43,1.25
PGNY,59.35,32.62
PGP,10.99,8.11
PGR,97.28,114.73
PGRE,10.8,8.78
PGRW,9.72,9.85
PGRWW,0.55,0.15
PGTI,23.86,18.98
PGZ,15.35,13.42
PH,304.63,262.07
PHAR,12.47,8.14
PHAS,3.11,0.76
PHAT,36.24,7.81
PHCF,3.15,0.55
PHD,11.24,9.17
PHG,57.25,25.24
PHGE,6.06,0.87
PHI,26.75,37.33
PHIC,9.84,9.86
PHICU,10.12,9.87
PHICW,1.02,0.14
PHIO,2.05,0.67
PHK,6.77,5.58
PHM,56.53,40.93
PHR,47.64,16.85
PHT,9.93,7.12
PHUN,1.3,1.38
PHUNW,0.3,0.58
PHVS,20.25,17
PHX,2.81,3.42
PI,49.95,42.7
PIAI,9.74,9.91
PII,130.14,97.45
PIII,9.68,5.11
PIIIW,0.93,0.72
PIM,4.23,3.4
PINC,34.53,37.32
PINE,17.68,18.39
PING,24.09,18.24
PINS,63.76,17.25
PIPP,9.76,9.84
PIPR,124.66,122.62
PIRS,3.76,1.66
PIXY,2.45,0.33
PJT,72.35,73.43
PK,20.51,16.1
PKBK,20.63,24.16
PKE,14.34,12
PKG,149.19,151.72
PKI,143.1,144.11
PKOH,35.93,13.92
PKX,79.17,57.88
PLAB,13.16,15.04
PLAG,1.53,0.46
PLAN,57.61,64.94
PLAY,40.99,30.72
PLBC,29.37,29.51
PLBY,43.53,8.78
PLCE,93.28,40.47
PLD,118.18,120.08
PLG,4.25,1.68
PLL,63.68,57.13
PLM,2.85,2.89
PLMIU,9.95,9.78
PLMIW,0.76,0.28
PLMR,68.28,60.9
PLNT,79,63.46
PLOW,41.42,30.07
PLPC,71.97,60.58
PLRX,28.1,4.93
PLSE,17.32,1.81
PLTK,26.66,13.3
PLTR,21.48,7.55
PLUG,27.81,15.18
PLUS,47.45,55.58
PLX,2.73,1.06
PLXP,13.93,2.44
PLXS,98.16,81.11
PLYA,6.92,7.49
PLYM,19.3,19.28
PM,97.52,106.62
PMCB,18.75,2.26
PMD,6.68,6.3
PME,0.93,1
PMF,14.61,10.93
PML,14.61,10.72
PMM,8.49,6.61
PMO,14.06,10.77
PMT,19.12,15.89
PMTS,16.8,16.15
PMVC,9.66,9.9
PMVP,35.28,14.09
PMX,12.24,9.37
PNBK,8.21,14.5
PNC,191.7,163.26
PNF,12.44,8.89
PNFP,88.37,77.71
PNFPP,27.6,25.6
PNI,11.57,8.65
PNM,49,46.87
PNNT,6.33,6.76
PNR,68.32,48.81
PNT,10.4,7.44
PNTG,31.54,17.36
PNTM,9.73,9.81
PNW,86.08,77.58
POAI,1.05,0.34
PODD,259.66,217.83
POET,7.89,5.67
POLA,9.18,2.85
POLY,30.32,39.54
POOL,429.66,389.2
POR,48.08,48.6
POSH,42.98,10.37
POST,75.7,80.98
POWI,80.61,80.32
POWL,33.91,25.46
POWRU,9.98,9.83
POWW,6.33,3.95
POWWP,26.24,28.21
PPBI,43.91,31.23
PPBT,4.66,3.03
PPC,24.46,31.22
PPG,179.1,121.46
PPIH,6.7,14
PPL,29.11,29.86
PPSI,3.63,4.72
PPT,4.69,3.78
PPTA,8.08,3.38
PRA,23.87,21.36
PRAA,37.67,36.74
PRAX,19.46,9.07
PRCH,18.46,3.85
PRDO,11.79,10.66
PRDS,10,6.18
PRFT,73.21,93.35
PRFX,2.78,0.85
PRG,51.82,24.99
PRGO,45.62,38.52
PRGS,44.2,46.73
PRI,157.34,120.39
PRIM,30.37,23.77
PRK,121.21,118.83
PRLB,87.11,45.81
PRLD,32.91,4.36
PRMW,17.25,13.9
PRO,39.25,25.86
PROC,10.12,7.77
PROCW,0.75,0.7
PROF,18.17,7.07
PROV,16.6,14.6
PRPB,9.8,9.94
PRPC,9.89,9.81
PRPH,5.72,8.35
PRPL,28.89,4.71
PRPO,3.74,1.08
PRQR,5.89,0.64
PRS,27.72,25.05
PRSO,4.41,1.6
PRSR,9.67,9.81
PRSRU,9.93,9.86
PRSRW,0.82,0.15
PRT,6.85,9.86
PRTA,25.26,25.95
PRTG,26.54,7.38
PRTH,7.72,5.35
PRTK,7.88,1.73
PRTS,15.74,6.97
PRTY,8.51,1.19
PRU,104.37,100.89
PRVA,32.77,23.04
PRVB,10.12,3.9
PSA,278.77,325.99
PSAG,9.7,9.75
PSAGW,0.85,0.2
PSB,154.29,187.8
PSEC,8.25,7.37
PSF,28.99,20.42
PSFE,11.5,2.36
PSHG,4.45,2.05
PSMT,86.68,75.32
PSN,40.01,36.95
PSNL,21.72,4.06
PSO,12.02,9.66
PSTG,18.87,22.33
PSTH,24.84,19.85
PSTI,3.64,1.37
PSTL,20.25,15.13
PSTV,2.26,0.52
PSTX,8.31,1.99
PSX,83.23,96.77
PT,4.9,1.42
PTA,25.17,18.91
PTC,133.03,108.67
PTCT,39.65,31.36
PTE,25.5,2.31
PTEN,8.03,17.45
PTGX,34.84,7.7
PTIC,9.75,9.82
PTICU,10,9.88
PTICW,0.77,0.27
PTIX,2.72,0.71
PTIXW,0.4,0.1
PTMN,23.1,21.86
PTN,0.52,0.35
PTNR,4.8,6.98
PTOC,9.74,9.74
PTON,99.44,12.52
PTPI,3.41,0.68
PTR,40.56,50.31
PTRA,16.3,5.67
PTRS,7.62,9.09
PTSI,14.33,26.42
PTVE,15.64,9.99
PTY,19.57,14.04
PUBM,32.63,18.37
PUCK,9.69,9.78
PUCKU,10.16,9.88
PUCKW,0.53,0.2
PUK,41.2,25.81
PULM,18.34,4.98
PUMP,9.44,12.62
PUYI,5.5,7.17
PVBC,15.9,14.72
PVH,110.26,62.28
PVL,1.66,4.08
PW,41.41,19.51
PWFL,6.49,2.26
PWOD,24.8,22.5
PWP,11.94,6.96
PWPPW,1.88,0.87
PWR,93.82,115.91
PXD,148.32,271.25
PXLW,3.21,1.92
PXS,3.21,2.66
PXSAW,0.29,0.27
PYN,10.59,8.01
PYPD,9.34,4.89
PYPL,258.65,78.65
PYR,4.99,2.08
PZC,11.3,8.24
PZG,1.05,0.5
PZN,10.94,6.46
PZZA,93.08,77.87
QCOM,133.75,128.53
QCRH,47.15,53.1
QD,2.11,0.74
QDEL,119.04,100.4
QFIN,28.98,12.97
QFTA,9.72,9.85
QGEN,48.5,45.55
QH,4.22,0.33
QIPT,6.8,4.33
QK,5.7,0.78
QLGN,1.79,0.54
QLI,4.7,1.69
QLYS,98.68,122.88
QMCO,8.86,1.66
QNGY,9.88,0.89
QNRX,10.88,0.64
QNST,18,10.14
QQQX,28.16,23.1
QRHC,4.65,4.47
QRTEA,13.49,3.25
QRTEB,14.1,4.75
QRTEP,107.27,67.7
QRVO,180.62,102.16
QS,24.06,10.82
QSI,9.96,3.89
QSIAW,2.38,0.71
QSR,67.98,50.23
QTEK,9.69,1.4
QTEKW,0.8,0.37
QTNT,3.98,0.31
QTRX,48.57,16.57
QTT,20.8,0.84
QTWO,95.1,50.24
QUAD,3.25,3.83
QUBT,6.09,1.97
QUIK,5.65,5.78
QUMU,4.76,0.93
QUOT,11.04,3.79
QURE,32.97,14.2
QVCC,25.96,20.55
QVCD,25.94,21.23
R,80.53,78.21
RA,21.86,18.79
RAAS,9.41,0.66
RACE,213.01,190.52
RAD,18.08,4.77
RADA,11.56,11.63
RADI,15.77,15.77
RAIL,5.22,4.31
RAIN,18.98,2.28
RAMMU,9.97,10.2
RAMP,47.19,23.01
RAPT,17.99,12.5
RARE,103.83,45.8
RAVE,1.34,0.86
RBA,61.4,59.28
RBAC,9.88,9.97
RBB,23.4,20.98
RBBN,7.11,2.73
RBCAA,44.44,44.51
RBCN,9.55,9.16
RBKB,10.39,9.4
RBLX,89.32,27.07
RBOT,9.92,3.87
RC,14.59,14.38
RCA,25.99,25.5
RCAT,2.7,1.92
RCB,26.34,24.63
RCC,25.56,24.8
RCEL,17.56,5.45
RCG,6.67,2.05
RCHG,9.8,9.97
RCHGW,0.66,0.09
RCI,50.99,51.05
RCII,58.06,23.85
RCKT,40.87,9.99
RCKY,52.74,34.13
RCL,89,49.73
RCLFW,0.61,0.17
RCM,25.41,21.16
RCMT,3.66,19.71
RCON,11.79,0.72
RCOR,10.1,2.03
RCRT,10,1.16
RCS,7.65,5.22
RCUS,24.13,17.95
RDBX,9.94,5.26
RDBXW,0.7,0.23
RDCM,10.2,10.92
RDFN,54.33,9.39
RDHL,6.69,0.95
RDI,6.24,3.41
RDIB,27.73,21.25
RDN,22.46,20.46
RDNT,26.3,19.28
RDUS,19.67,5.93
RDVT,21.75,23.44
RDW,10.01,3.56
RDWR,28.84,23.91
RDY,72.75,56.48
RE,254.44,273.94
REAL,16.52,2.66
REAX,1.63,1.5
REDU,3.4,1.07
REE,9.93,1.58
REEAW,1.5,0.19
REED,0.91,0.2
REFR,2.2,1.59
REG,63.31,65.4
REGI,58.24,61.28
REGN,498.03,686.02
REI,2.08,4.15
REKR,11.21,2.41
RELI,3.29,2.08
RELIW,0.5,0.34
RELL,7.94,13.36
RELX,26.65,29.13
RENN,11.22,27.93
RENO,1.33,0.23
REPL,36.27,14.14
REPX,33.99,25.66
RES,4.82,8.91
RETA,127.41,27.09
RETO,1.1,0.69
REV,11.55,3.64
REVBW,0.52,0.07
REVG,17.52,11.79
REVH,9.79,9.74
REVHW,1.1,0.25
REX,78.52,87.79
REXR,55.3,62.56
REYN,30.33,27.58
REZI,28.85,22.29
RF,22.46,20.43
RFI,15.24,13.65
RFIL,7.62,6.01
RFL,43.12,1.77
RFM,23.9,16.25
RFMZ,20.25,14.33
RFP,15.72,13.11
RGA,122.46,120.91
RGCO,22.32,19.75
RGEN,179.47,151.43
RGLD,125.27,114.8
RGLS,0.95,0.25
RGNX,33.54,19.35
RGP,14.3,17.25
RGR,74.72,63.64
RGS,8.64,0.75
RGT,14.82,9.35
RGTI,9.8,8.16
RGTIW,0.87,1.5
RH,638,246.29
RHE,13.2,2.42
RHI,87.22,86.06
RHP,73.22,80.89
RIBT,1,0.69
RICK,74.21,51.58
RIDE,8.95,1.82
RIG,3.63,4.09
RIGL,3.57,1.85
RILY,71.26,49.56
RILYG,25.3,22.97
RILYK,25.1,24.15
RILYL,27.52,25.28
RILYM,25.65,25.1
RILYN,25.9,25
RILYO,25.71,25.24
RILYT,25.95,23.84
RIO,84.08,71.27
RIOT,25.14,6.27
RIV,17.82,13.58
RJF,87.86,93.12
RKDA,2.68,1.24
RKLB,9.9,4.37
RKT,16.81,8.75
RL,121.55,91.14
RLAY,30.65,16.65
RLGT,7.67,6.32
RLGY,18.51,11.12
RLI,103.81,116.99
RLJ,14.8,12.42
RLMD,38.72,19.31
RLX,11.02,1.76
RM,46,44.85
RMAX,34.48,22.46
RMBI,14.13,14.76
RMBL,38.7,13.01
RMBS,19.02,23.58
RMCF,6.1,6.15
RMD,206.55,195.52
RMED,3.12,0.29
RMGCU,9.95,9.86
RMI,22.68,15.78
RMM,20.18,15.02
RMNI,6.51,5.59
RMO,7.57,0.81
RMR,38.12,28.16
RMT,11.93,8.93
RMTI,9.25,1.63
RNA,21.89,12.63
RNDB,21.59,26.01
RNG,254.57,57.91
RNGR,7.5,10.75
RNLX,32.61,3.5
RNP,25.66,22.38
RNR,152.31,151.47
RNST,42.69,30.61
RNWK,2.31,0.6
ROAD,31.28,21.54
ROCC,17.79,35.79
ROCK,78,39.6
ROG,180.09,259.88
ROIC,17.6,17.46
ROIV,9.83,3.91
ROIVW,1.36,0.52
ROK,260.53,198.18
ROKU,345.7,79.16
ROL,34.03,35.2
ROLL,188.91,160.41
ROOT,8.38,1.24
ROP,445.87,426.97
ROST,123.87,77.61
ROVR,9.89,4.82
RPAY,23.31,12.64
RPD,82.01,68.47
RPHM,9.09,2.07
RPM,93.77,85.32
RPRX,40.22,39.74
RPT,12.35,11.63
RPTX,32.45,8.84
RQI,15.23,13.69
RRBI,54.01,50.91
RRC,13.48,28.99
RRGB,33.85,7.26
RRR,42.49,34.95
RRX,138.27,119.13
RS,165.24,178.95
RSF,18.9,17.88
RSG,108.63,133.45
RSI,12.61,5.7
RSLS,9.72,0.77
RSSS,2.27,1.98
RSVR,9.92,7.53
RSVRW,1.33,1.67
RTL,9.23,7.83
RTLPO,25.56,23.7
RTLPP,26.1,23.88
RTLR,10.35,15.23
RTX,86.26,93.21
RUBY,24,1.04
RUN,43.96,22.25
RUSHA,47.54,49.98
RUSHB,42.3,47.69
RUTH,23.63,16.22
RVLP,2.93,1.39
RVLV,50.81,24.8
RVMD,30.48,15.65
RVNC,28.09,12.8
RVP,9.47,3.89
RVPH,4.51,1.67
RVPHW,0.4,0.22
RVSB,6.83,6.63
RVT,18.74,14.57
RWLK,1.75,0.9
RWT,10.8,9.78
RXDX,19.1,28.11
RXRA,9.95,9.75
RXRAU,9.9,9.76
RXRX,24.07,5.45
RXT,20.82,8.04
RY,102.27,100.49
RYAAY,114.01,84.87
RYAM,7.36,4
RYI,15.69,28.41
RYN,37.53,39.77
RYTM,19.9,3.36
RZA,26.47,25.19
RZB,28.21,25.07
RZLT,7.44,3.03
SA,18.54,14.43
SABR,13.27,6.69
SABRP,172.83,90.7
SABS,9.86,1.83
SABSW,0.68,0.13
SACC,25.31,25.1
SACH,5.15,4.96
SAFE,71.72,42.67
SAFM,166.57,191.36
SAFT,83.79,89.95
SAGE,68.58,32.04
SAH,48.02,44.01
SAIA,223.25,184.73
SAIC,88.96,83.51
SAIL,45.76,63.26
SAK,26.49,25.1
SAL,45.86,52.6
SALM,2,2.6
SAM,1096.7,323.12
SAMG,15.04,19.63
SAN,4.09,3.11
SANA,20.31,4.24
SAND,8.49,6.7
SANM,41.97,41.53
SANW,3.6,1.27
SAP,140.98,98.7
SAR,24.69,25.36
SASI,3.55,1
SASR,45.05,40.71
SATS,25.48,22.33
SAVA,47.77,25.06
SAVE,35.15,18.35
SB,3.87,4.7
SBAC,298.74,347.07
SBBA,25.15,25.09
SBCF,35.96,33.4
SBET,5.02,0.9
SBEV,6,2
SBFG,18.29,17.77
SBFM,48.4,1.43
SBGI,32.14,21.86
SBH,21.16,13.18
SBI,9.53,7.86
SBLK,20.33,32.79
SBNY,237.94,190.88
SBNYP,25.99,18.18
SBOW,15.5,34.32
SBR,35.08,69.89
SBRA,17.47,13.37
SBS,7.9,9.96
SBSI,41.33,38.89
SBSW,17.65,12.23
SBT,4.6,6.43
SBTX,25.06,3.25
SBUX,112.63,72.72
SCAQW,0.74,0.13
SCCC,25.98,25.48
SCCO,66.99,61.05
SCD,13.9,13.2
SCHL,32.36,36.66
SCHN,52.92,37.76
SCHW,71.63,63.94
SCI,52.25,68.6
SCKT,5.46,2.85
SCL,133.8,106.77
SCLE,9.71,9.77
SCLEW,0.92,0.5
SCM,12.9,12.73
SCOA,9.73,9.85
SCOAW,0.83,0.13
SCOB,9.74,9.78
SCOR,3.84,1.69
SCPH,5.71,5.11
SCPL,16.25,13.38
SCPS,9.59,0.4
SCS,14.47,11.73
SCSC,29.61,36.44
SCTL,2.39,0.77
SCU,24.55,11.38
SCVL,32.71,24.71
SCWX,14.37,10.47
SCX,8.9,7.22
SCYX,8.95,1.93
SD,4.97,21.34
SDACW,0.66,0.15
SDC,7.75,1.32
SDGR,68.41,24.09
SDH,2.53,1.46
SDHY,18.5,15.58
SDPI,0.79,0.99
SE,249.54,71.34
SEAC,1.11,0.7
SEAS,54.04,48.8
SEB,3648.26,3892.86
SECO,2.56,0.23
SEDG,251.75,248.23
SEE,56.03,61.16
SEED,10.62,7.08
SEEL,3.11,0.62
SEER,29.79,7.12
SEIC,62.67,56.12
SELB,3.57,0.69
SELF,5.22,5.69
SEM,39.14,24.22
SEMR,15.69,9.68
SENEA,45.36,57.1
SENS,1.86,1.1
SES,9.99,6.55
SESN,2.91,0.52
SF,67.75,61.32
SFB,26.95,22.25
SFBC,43.24,36.56
SFBS,67.42,78.93
SFE,6.83,3.87
SFET,1.3,0.53
SFIX,48.37,7.08
SFL,8.7,11.21
SFM,25.69,24.69
SFNC,29.39,24.96
SFST,51.11,42.88
SFT,6.68,0.91
SGA,21.96,22.7
SGBX,3.54,1.93
SGC,25,17.79
SGEN,150.69,133.47
SGFY,24.22,12.79
SGH,22.58,22.78
SGLY,3.27,4.25
SGMA,4.86,5.98
SGML,4.48,14.99
SGMO,10.43,3.55
SGRP,1.59,1.2
SGRY,53.87,39.05
SGTX,11.69,0.77
SGU,10.43,9.34
SHAC,9.7,9.79
SHACU,10,9.87
SHACW,0.61,0.11
SHAK,88.38,41.76
SHBI,16.72,19.36
SHC,24,20.35
SHCR,9.99,2.66
SHEL,38.98,59.94
SHEN,49.61,23
SHG,36.82,33.52
SHI,25.87,18.55
SHIP,1.02,1.18
SHLS,26.55,14.9
SHLX,15.46,13.97
SHO,12.41,11
SHOO,40.18,33.26
SHOP,1240,324.84
SHPW,10.09,1.6
SHW,285.59,257.65
SHYF,37.43,21.18
SI,107.04,67.14
SIBN,31.87,13.63
SID,8.25,4.29
SIEB,3.71,1.66
SIEN,7.08,1.12
SIF,11.29,4.36
SIFY,3.03,2
SIG,56.89,50.25
SIGA,6.92,9.15
SIGI,75.52,77.13
SIGIP,25.3,18.78
SII,45.95,35.99
SILC,40.48,35.3
SILK,47.35,29.11
SILV,9.91,7.12
SIM,21.8,29.5
SIMO,63.29,87.66
SINT,1.4,0.46
SIOX,2.22,0.32
SIRE,12.48,18.59
SIRI,5.99,6.19
SISI,14.97,1.65
SITC,14.52,15.41
SITE,173.77,119.78
SITM,95.83,190.87
SIVB,568.54,427.98
SIVBP,26.68,20.03
SIX,43.3,26.58
SJ,7.64,1.95
SJI,25.95,34.4
SJIV,56.14,68.97
SJM,135.29,125.39
SJR,29.82,28.12
SJT,5.41,12.94
SJW,63.4,61.87
SKE,11.49,7.74
SKIL,10.06,5.38
SKIN,13.71,11.94
SKLZ,16.03,1.6
SKM,30.8,25.05
SKT,16.96,16.31
SKX,46.6,34.68
SKY,43.78,45.1
SKYH,10,8.6
SKYT,25.78,4.56
SKYW,47.99,23.72
SLAB,132.4,137.93
SLAC,9.72,9.78
SLAM,9.75,9.77
SLAMW,0.91,0.2
SLB,31.24,43.9
SLCA,11.17,16.53
SLCR,9.65,9.81
SLCRW,0.56,0.25
SLDB,3.8,0.5
SLDP,9.75,8.6
SLDPW,0.91,1.92
SLF,53.22,48.86
SLG,79.31,61.2
SLGC,12.05,5.72
SLGCW,3.61,0.8
SLGG,4.55,1.21
SLGL,10.28,6.2
SLGN,42.59,43.62
SLHG,5.65,0.63
SLI,3.27,5.41
SLM,19.67,18.05
SLMBP,59.25,57
SLN,27,8.55
SLNG,7.85,4.49
SLNH,7.72,6.87
SLNO,0.99,0.19
SLP,51.06,44.27
SLQT,20.44,2.45
SLRC,18.44,14.67
SLRX,1.22,0.18
SLS,10.28,3.1
SM,17.54,40.18
SMAR,58.52,33.47
SMBC,43.07,45.33
SMBK,23.54,24.91
SMCI,35.47,47.45
SMED,14.57,3.8
SMFG,7.36,6.16
SMFR,12.35,1.7
SMFRW,4.1,0.3
SMG,216.46,89.08
SMHI,3.47,8.51
SMID,16.41,14.23
SMIT,4.99,4.5
SMLP,25.66,18.31
SMLR,108.71,28.76
SMM,5.66,7.91
SMMF,23.5,27.14
SMMT,7.94,0.97
SMP,44.26,38.58
SMPL,34.54,37.91
SMR,9.97,8.96
SMRT,10.5,5.42
SMSI,4.88,2.48
SMTC,62,58.47
SMTI,27.8,21.7
SMTS,3.4,0.91
SMWB,21.2,9.04
SNA,251.71,211.92
SNAP,59.15,12.79
SNAX,10.18,1.17
SNAXW,0.89,0.12
SNBR,105.12,42.36
SNCE,10.1,3
SNCR,2.82,1.44
SNCY,34.79,23.93
SND,2.4,3.27
SNDA,48.21,24.5
SNDL,0.76,0.38
SNDR,24.27,22.87
SNDX,17.59,14.17
SNES,1.54,0.49
SNEX,66.54,72.23
SNFCA,8.31,9.13
SNGX,0.97,0.57
SNMP,0.83,0.65
SNN,43.86,32.63
SNOA,7.58,3.35
SNOW,229.96,129.63
SNP,52.93,51.16
SNPS,255.83,296.37
SNPX,7.25,6.1
SNRH,9.67,9.83
SNRHU,10,9.85
SNRHW,0.64,0.09
SNSE,12.74,1.74
SNT,4.29,2.12
SNV,46.91,40.11
SNX,125.38,96.43
SNY,53.71,56.29
SO,64.08,75.69
SOFI,20.18,6.72
SOFO,3.94,1.67
SOHO,3.55,1.68
SOHOB,17.38,18.4
SOHOO,17.02,18.75
SOHU,17.73,13.73
SOI,9.7,12.86
SOJC,26.7,23.08
SOJD,26.69,21.21
SOJE,25.29,19.08
SOL,7.61,4.42
SOLN,52.08,56.14
SOLO,3.37,1.48
SOLOW,1.49,0.23
SON,67.23,57.44
SOND,9.91,1.99
SONDW,1.19,0.42
SONM,4.53,0.52
SONN,1.51,0.26
SONO,35.51,19.54
SONY,98.35,89.03
SOR,44.97,37.33
SOS,2.94,0.33
SOTK,4.2,6.69
SOUNW,0.67,0.49
SP,32.77,30.98
SPB,88.35,85.18
SPCB,1.24,0.32
SPCE,25.59,6.18
SPE,15.21,13.09
SPFI,22.71,23.73
SPG,124.4,107.85
SPGI,378.59,350.87
SPGS,9.88,9.76
SPH,14.72,16.71
SPI,5.12,1.9
SPIR,9.9,1.27
SPKBW,1.02,0.16
SPLK,118.71,88.77
SPLP,26.5,42
SPNE,20.5,8.4
SPNS,28.28,23.57
SPNT,10.42,6
SPOK,11.28,7.08
SPOT,236.76,103.5
SPPI,3.25,0.71
SPR,46.58,28.45
SPRB,13.32,1.29
SPRO,14.06,1.23
SPSC,94.61,100.48
SPT,65.65,40.02
SPTN,20.07,32.78
SPWH,17.75,8.76
SPWR,22.67,15.95
SPXC,61.17,48.4
SPXX,17.53,15.79
SQ,216.2,75.88
SQFT,3.4,2.99
SQM,41.61,100.29
SQNS,5.07,2.92
SQSP,54.51,19.58
SQZ,13.06,3.35
SR,71.89,77.93
SRAX,4.72,3.14
SRC,47.11,40.68
SRCE,47.22,45.01
SRCL,78.74,48.44
SRDX,53.11,36.95
SRE,135.45,166.11
SREA,27.13,23.4
SREV,1.22,1.47
SRG,15.73,7.75
SRGA,48.3,5.24
SRI,30.25,18.42
SRL,13.29,9.19
SRLP,25.11,15.61
SRNE,7.06,1.45
SRPT,75.1,68.84
SRRA,18.58,54.63
SRRK,26.52,5.05
SRSA,9.9,9.88
SRSAU,10.1,9.89
SRT,6.11,3.27
SRTS,3.5,8.36
SRV,28.55,32.77
SRZN,9.9,2.54
SRZNW,1.16,0.25
SSAA,9.81,9.79
SSB,85.67,76.24
SSBI,14.88,15.48
SSD,111.85,101.72
SSKN,1.39,1.08
SSL,15.72,24.92
SSNC,74.28,62.01
SSNT,6.9,2.62
SSP,21.45,14.9
SSRM,18.62,20.54
SSSS,13.46,7.17
SST,9.8,9.71
SSTI,39.83,29.36
SSTK,88.37,55.79
SSY,2.78,1.04
SSYS,22.02,17.66
ST,57.37,45.19
STAA,132.95,57.49
STAF,3.37,0.79
STAG,35.67,32.5
STAR,17.03,17.31
STBA,32.98,28.53
STC,59.08,55.22
STCN,1.94,1.18
STE,191.36,228.57
STEM,25.73,6.94
STEP,32.67,26.64
STEW,13.63,12.89
STG,14.13,4.87
STGW,4.67,7.76
STIM,13.67,2.36
STK,34.38,27.25
STKL,12.58,6.71
STKS,10.02,8.12
STLA,18.82,14.25
STLD,60.18,78.1
STM,37.03,38.25
STN,45.15,43.86
STNE,64.74,9.03
STNG,21.61,30.46
STOK,37.55,12.43
STON,2.08,2.27
STOR,34.28,26.55
STRA,73.22,64.35
STRC,9.91,4
STRCW,0.99,0.57
STRL,21.78,23.4
STRM,1.91,1.19
STRO,18.25,4.45
STRR,2.74,0.77
STRRP,10.45,9.9
STRS,27.5,39.04
STRT,47.73,31.75
STSA,5.12,3.2
STT,85.36,68.67
STTK,24.14,2.83
STWD,24.75,23.1
STX,93.5,79.55
STXS,7.4,1.79
STZ,237.94,244
SU,23.16,38.76
SUI,168.28,159.68
SUM,32.8,25.8
SUMO,18.57,7.26
SUMR,11.39,11.69
SUN,35.5,40.42
SUNL,9.91,4.37
SUNW,8.2,1.74
SUP,6.42,3.79
SUPN,29.91,26.98
SUPV,1.78,1.87
SURF,8.36,1.75
SURG,6.75,4.94
SUZ,12.14,10.85
SVC,10.81,5.77
SVFA,9.93,9.81
SVFAU,10.23,9.86
SVFAW,1.5,0.29
SVFB,10,9.76
SVFC,9.96,9.97
SVFD,10.55,3.95
SVM,6.37,2.78
SVRA,1.63,1.38
SVVC,6.3,3.12
SWAV,176.18,160.69
SWBI,19.48,13.94
SWCH,19.15,33.5
SWET,9.62,9.8
SWETW,0.64,0.14
SWI,17.38,11.27
SWIM,29.9,8.36
SWIR,14.93,20.58
SWK,212.19,116.04
SWKH,16.45,18.98
SWKS,170.03,99.88
SWM,43.23,26.53
SWN,5.15,7.64
SWTX,76.7,33.68
SWVL,9.69,4.8
SWVLW,0.9,0.54
SWX,66.61,94.14
SWZ,9.52,8.22
SXC,6.93,7.97
SXI,96.45,92.75
SXT,86.31,83.82
SXTC,24.8,1.81
SY,9.57,1
SYBT,51.06,57.19
SYBX,3.87,1.12
SYF,46.26,32.91
SYK,256.79,233.28
SYN,0.51,0.21
SYNA,125.39,132.14
SYNH,88.21,70.56
SYNL,9.44,15.82
SYPR,3.02,2.08
SYRS,5.04,0.7
SYTA,7.61,1.01
SYTAW,3.46,0.18
SYY,81.51,77.11
SZC,45.25,41.86
T,22.28,21.16
TA,27.29,33.7
TAC,9.17,11.39
TACA,9.86,10
TACT,13.7,4.22
TAIT,5.58,3.22
TAK,17.12,14.94
TAL,42.14,3.56
TALK,9.91,1.11
TALKW,1.22,0.15
TALO,13.48,20.52
TALS,13.69,7.18
TANH,11,0.24
TANNI,26.37,25.76
TANNL,26.28,25.12
TANNZ,26.06,25.39
TAOP,5.33,1.33
TAP,58.06,53.73
TARA,9.1,3.14
TARO,70.26,35.83
TARS,30.77,14.49
TAST,5.57,1.37
TATT,5.51,5.87
TAYD,11.95,9.17
TBB,26.35,24.97
TBBK,23.31,18.94
TBC,26.83,25.31
TBCP,9.78,9.81
TBI,26.36,22.71
TBK,80.78,67.55
TBKCP,27.8,25.25
TBLA,10.08,3.02
TBLAW,1.9,0.44
TBLT,105,5.28
TBLTW,0.2,0.09
TBNK,25.21,21.1
TBPH,16.68,9.05
TC,3.52,1.92
TCAC,9.69,9.96
TCACU,10.09,10.02
TCBI,66.06,51.32
TCBIO,26.44,21.98
TCBK,45.53,44.42
TCDA,4.5,9.17
TCFC,34.48,36.3
TCI,29.1,45.85
TCMD,52.5,8.98
TCN,10.71,12.15
TCOM,39.77,19.35
TCON,5.66,1.8
TCPC,14.49,12.77
TCRR,18.6,2.16
TCRT,2.91,0.5
TCS,12.9,6.79
TCX,79.8,43.42
TD,73.07,72.19
TDC,46.56,34.92
TDF,23.15,11.91
TDG,612.72,579.59
TDOC,144.46,30.87
TDS,24.94,18.01
TDUP,25.35,4.07
TDW,13.41,26.44
TDY,409.86,390.75
TEAF,14.53,14.39
TEAM,225.72,164.17
TECH,420.15,357.17
TECK,22.3,41.05
TECTP,10.02,10.25
TEDU,17.75,2.88
TEF,5.1,5.27
TEI,7.92,5.75
TEKK,9.84,9.88
TEKKW,0.87,0.21
TEL,133.94,123.63
TELA,13.45,6.71
TELL,2.78,4.45
TEN,15.09,16.25
TENB,40.3,48.87
TENX,1.89,0.59
TEO,4.94,5.28
TER,128.53,99.19
TERN,15.39,1.53
TESS,7.32,6.23
TETC,9.7,9.8
TEVA,10.48,8.45
TEX,50.43,32.52
TFC,60.06,46.81
TFFP,9.89,5.63
TFII,92.21,76.57
TFSA,25.46,25.1
TFSL,21.03,14.45
TFX,405.59,285.11
TG,15.07,11.75
TGA,1.71,4.4
TGAN,4.95,5.46
TGB,2.28,1.59
TGH,28.28,31.65
TGI,16.35,14.31
TGLS,20.33,19.11
TGNA,19.19,21.19
TGS,4.37,6.45
TGT,225.3,149.95
TGTX,33.53,4.9
TH,3.14,5.65
THC,63.42,62.22
THCA,10,10.33
THCAW,0.78,0.34
THFF,44.1,44.56
THG,137.58,144.43
THM,1.18,0.69
THMO,2.51,0.38
THO,118.04,69.02
THQ,23.14,20.32
THR,18.96,15.36
THRM,70.5,64.32
THRY,25.22,24.04
THS,49.51,40.37
THTX,3.64,2.44
THW,15.75,15.53
THWWW,0.19,0.35
TIG,16.7,7.3
TIGO,45.67,17.1
TIGR,19.7,3.4
TIL,17,8.09
TILE,15.42,13.55
TIMB,11.24,14.34
TINV,10.02,10.24
TIPT,10.82,10.66
TIRX,9.9,0.68
TISI,8.18,1.06
TITN,24.46,23.56
TIXT,30.05,23.94
TJX,67.27,59.68
TK,3.46,3.37
TKAT,15.68,1.93
TKC,4.57,3.02
TKR,85.73,57.79
TLGA,9.71,9.78
TLIS,10.19,0.92
TLK,23.09,28.7
TLRY,15.46,4.26
TLS,31.2,7.83
TLSA,4.76,0.68
TLYS,12.59,7.69
TM,162.24,160.6
TMAC,9.7,9.78
TMBR,1.17,0.26
TMC,9.93,1.33
TMCI,28.09,15.87
TMDI,1.7,0.46
TMDX,25.35,28.33
TME,15.36,3.67
TMHC,28.68,26.31
TMKR,9.68,9.9
TMKRU,9.99,9.94
TMKRW,0.69,0.14
TMO,464.02,548.82
TMP,78.5,73.56
TMQ,2.55,0.93
TMST,13.99,22.47
TMUS,136.76,129.22
TMX,48.36,42.25
TNC,82.52,61.76
TNDM,83.46,65.29
TNET,77.78,74.91
TNGX,11.19,5.6
TNK,15.09,19.63
TNL,64.24,45.88
TNP,9.31,11.26
TNXP,35.84,2.13
TOI,9.94,8.43
TOL,62.02,44.54
TOMZ,2.57,0.97
TOPS,1.48,0.63
TOUR,2.52,0.48
TOWN,31.27,28.61
TPB,43.66,27.36
TPC,15.05,9.78
TPGY,12.1,9.88
TPH,23.36,19.54
TPHS,1.94,1.19
TPIC,48.02,13.23
TPL,1486.12,1426.67
TPR,43.32,30.04
TPST,16.8,3.64
TPTX,68.86,33.26
TPVG,14.97,14
TPX,36.66,23.66
TPZ,13.18,13.93
TR,30.4,33.59
TRC,14.8,16.95
TREC,7.98,9.66
TREE,197.45,54.98
TREX,96.76,60.08
TRGP,37.28,68.97
TRHC,41.65,3.12
TRI,96.7,96.56
TRIB,3.22,1.29
TRIN,14.37,15
TRIP,40.84,22.11
TRKA,2.81,0.87
TRKAW,0.43,0.15
TRMB,78.29,65.56
TRMD,9.86,13.18
TRMK,32.85,28.43
TRN,27.43,23.77
TRNO,63.93,59.86
TRNS,54.57,63.04
TROW,187.42,120.34
TROX,22.72,17.49
TRP,50.35,57.76
TRQ,16.5,28.05
TRS,31.89,27.64
TRST,37.3,31.49
TRT,5.19,4.99
TRTN,51.41,61.01
TRTX,12.71,10.28
TRU,108.07,81.86
TRUE,5.52,3.1
TRUP,83.41,59.98
TRV,156.55,173.91
TRVG,3.55,1.56
TRVI,2.03,2.2
TRVN,1.72,0.23
TRX,0.51,0.32
TS,22.36,33.01
TSBK,28.77,25.27
TSC,21.69,29.16
TSCAP,26.12,25.28
TSCBP,26.06,24.58
TSCO,180.4,170.53
TSE,64.52,43.86
TSEM,27.01,46.44
TSHA,22.5,2.57
TSI,5.78,4.91
TSIB,9.77,9.77
TSIBU,10,9.77
TSLA,604.69,628.16
TSLX,21.93,20.17
TSM,114.28,88.72
TSN,80.21,88.75
TSP,36.78,7.35
TSPQ,9.75,9.72
TSQ,12.92,9.5
TSRI,8.59,7.33
TT,182.6,131.73
TTC,111.04,76.97
TTCF,21.49,6.55
TTD,56.13,42.78
TTE,46.89,56.72
TTEC,101.51,62.13
TTEK,119.47,126.08
TTGT,69.89,66.32
TTI,3.46,4.9
TTM,21.37,27.26
TTMI,15.03,14
TTNP,2.34,0.38
TTOO,1.15,0.2
TTP,22.67,28.34
TTSH,7.3,4.23
TTWO,184.62,122.69
TU,22.31,24.49
TUEM,4,0.49
TUFN,8.92,12.56
TUP,24.69,5.67
TURN,7.97,6.12
TUSK,3.72,2.19
TUYA,23.06,2.25
TV,12.59,9.23
TVC,26.66,23.33
TVE,26.3,23.09
TVTX,17.75,22.39
TVTY,25.72,32.21
TW,80.46,65.33
TWI,9,17.43
TWIN,12.91,10.14
TWLO,324.21,92.17
TWLVW,0.58,0.16
TWN,30.39,26.86
TWND,9.91,9.91
TWNI,9.76,9.77
TWNK,15.42,21.03
TWO,7.1,5.09
TWOA,9.79,9.76
TWOU,37.26,10.6
TWST,99.97,34.94
TWTR,57,35.76
TX,37.01,42.27
TXG,166.14,45.72
TXMD,59,2.15
TXN,188.7,167.86
TXRH,97.24,69.92
TXT,66.89,63.4
TY,34.08,27.96
TYG,26.89,31.98
TYL,404.12,333.88
TYME,1.33,0.24
TZOO,16.77,6.18
U,95.28,35.22
UA,17.94,8.21
UAA,21.39,9.11
UAL,56.98,41.57
UAMY,0.79,0.42
UAN,61,130.2
UAVS,4.88,0.78
UBA,18.04,17.1
UBCP,15.15,15.92
UBER,50.46,21.55
UBFO,8.24,7.61
UBOH,30.95,29.32
UBP,14.82,16.08
UBS,15.99,18.78
UBSI,39.68,36.5
UBX,4.37,0.76
UCBI,33.18,30.3
UCBIO,28.26,25.63
UCL,10.4,1.07
UCTT,53.29,30.48
UDR,47.05,47.8
UE,18.89,18.25
UEC,2.84,3.38
UEIC,49.79,26.38
UFAB,3.37,1.37
UFCS,30.29,30.43
UFI,25.93,14.45
UFPI,77.98,72.59
UFPT,54.5,71.47
UG,17.9,19.91
UGI,44.89,41.24
UGIC,104.5,98.21
UGP,3.57,2.85
UGRO,8.8,5.63
UHAL,570.57,505.22
UHS,159.75,121.41
UHT,68.33,51.21
UI,288.65,257.29
UIHC,5.33,1.68
UIS,24.2,11.1
UK,40.6,3.26
UL,60.91,44.7
ULBI,9,5.18
ULCC,19.41,8.84
ULH,24.83,25.82
ULTA,320.99,342.08
UMBF,94.36,88.54
UMC,9.01,8.23
UMH,21.22,19.72
UMPQ,18.2,16.67
UNAM,4.5,1.84
UNB,33.21,29.02
UNF,216.66,160.38
UNFI,36.52,38.45
UNH,413.05,497.56
UNIT,10.71,10.77
UNM,29.45,34.78
UNMA,26.95,24.04
UNP,221.94,217.09
UNTY,23.6,28.07
UNVR,27.16,28.74
UONE,7.73,10.13
UONEK,3.52,6.13
UP,9.99,2.28
UPC,3.22,1.07
UPH,10.07,0.74
UPLD,40.29,12.62
UPS,211.49,174.11
UPST,133.7,37.15
UPWK,43.91,16.42
URBN,34.96,17.99
URG,1.39,1.18
URGN,17.75,5.15
URI,324.38,267.74
UROY,2.92,2.72
USA,8.26,6.41
USAC,15.29,17.78
USAK,14.88,14.73
USAP,10,7.83
USAS,1.7,0.74
USAU,12.24,4.44
USB,59.65,51.04
USDP,6.67,6.18
USEG,3.87,3.83
USFD,38.31,29.69
USIO,5.53,2.08
USLM,136.8,109.54
USM,37.23,30.87
USNA,104.12,68.28
USPH,117.68,109.61
USWS,3.85,0.57
USWSW,0.16,0.06
USX,10.78,2.97
UTF,28.64,26.53
UTG,34.83,33.21
UTHR,185.27,218.95
UTI,5.96,8.11
UTL,55.16,58.29
UTMD,85.67,83.26
UTME,36,1.16
UTSI,1.34,0.61
UTZ,23.64,12.84
UUU,5.67,3.23
UUUU,5.82,6.12
UVE,13.73,12.44
UVSP,27.63,25.67
UVV,59.06,61.77
UWMC,8.37,3.87
UXIN,3.24,0.39
UZD,27.13,22.65
UZE,25.77,20.87
V,229.02,202.63
VABK,32.01,32.24
VAC,169.46,134.68
VACC,14.16,4
VAL,20.66,58.18
VALE,20.14,17.43
VALN,25.6,22.98
VALU,31.88,67.69
VAPO,18.99,2.97
VAQC,9.9,9.79
VATE,3.88,2.4
VBF,19.87,16.1
VBFC,48.25,50.15
VBIV,3.01,0.84
VBLT,2.24,1.62
VBNK,12.35,8.91
VBTX,34.21,32.66
VC,113.53,100.99
VCEL,52.96,26.72
VCIF,10.75,9.46
VCKA,9.93,10.19
VCKAU,10.15,10.3
VCKAW,0.46,0.25
VCNX,2.2,1.16
VCSA,9.88,3.99
VCTR,29.3,26.03
VCV,13.37,10.14
VCYT,38.25,16.94
VEC,50.51,34.84
VECO,23.12,20.04
VECT,14.91,5.81
VEEV,264.66,157.99
VEL,10.63,10.07
VELO,9.67,9.77
VELOU,9.94,9.8
VENA,9.87,10.22
VEON,1.79,0.48
VERA,19.74,16.14
VERB,1.11,0.48
VERI,18.15,7.24
VERO,2.01,0.66
VERU,8.19,12.21
VERX,18.95,10.67
VET,7.21,19.91
VEV,5.26,1.56
VFC,78.17,45.49
VFF,8.68,2.93
VFL,13.72,11.49
VG,13.55,19.64
VGFC,3.9,0.14
VGI,11.83,8.65
VGII,9.82,9.93
VGM,13.97,10.49
VGR,10.23,11.92
VGZ,1.1,0.81
VHAQ,9.86,10.2
VHC,4.39,1.13
VHI,23.98,42.32
VIA,11.04,8.43
VIAO,13.49,2.6
VIASP,26.22,24.2
VIAV,17.09,14.17
VICI,31.35,28.96
VICR,88.24,59.8
VIEW,8.63,1
VIEWW,1.91,0.18
VII,9.77,9.82
VINC,14.33,1.53
VINO,3.53,1.14
VINP,13.79,11
VIOT,7.72,1.42
VIPS,23.05,7.81
VIR,44.74,22.82
VIRC,3.06,3.02
VIRI,5.31,4.07
VIRT,28.93,25.95
VIRX,10.75,2
VISL,2.21,0.64
VIST,3.3,8.93
VITL,20.2,9.9
VIV,8.33,10.79
VIVE,2.56,0.74
VIVK,12,1.61
VIVO,20.08,25.97
VJET,13.87,3.92
VKI,12.19,9.1
VKQ,13.59,10.15
VKTX,5.21,2.18
VLATU,9.99,9.82
VLD,9.92,2.16
VLDR,10.52,1.48
VLDRW,2.95,0.55
VLGEA,23.87,23.35
VLN,9.94,2.83
VLNS,9.03,0.75
VLO,77.33,124.21
VLON,4.14,0.52
VLRS,17.13,14.02
VLT,14.16,10.85
VLTA,9.94,2.07
VLY,13.84,12.16
VLYPO,25.81,22.6
VLYPP,27.98,25.43
VMAR,6.72,3.97
VMC,182.42,161.24
VMD,8.12,5.5
VMEO,45.39,8.24
VMI,246.42,252.63
VMO,13.57,10.16
VMW,161.12,115.94
VNCE,10.94,8
VNDA,17.86,9.62
VNET,21.22,4.62
VNO,45.67,33.9
VNOM,17.6,29.67
VNRX,3.52,2.31
VNT,34.72,27.6
VNTR,4.48,1.87
VOC,1.08,0.89
VOD,18.34,16.56
VOR,19.83,4.15
VORB,9.67,4.12
VORBW,0.95,0.58
VOXX,14.28,7.27
VOYA,64.53,64.83
VPG,32.46,29.46
VPV,13.28,10.58
VQS,7.18,0.9
VRA,10.23,5.85
VRAY,5.88,2.87
VRCA,10.84,5.56
VRDN,17.7,13.01
VRE,16.68,15.18
VREX,25.17,22.33
VRM,44.83,1.28
VRME,3.42,2.56
VRMEW,1.5,0.65
VRNA,5.72,4.18
VRNS,47.59,31.4
VRNT,45.98,49.08
VRPX,4.41,1.22
VRRM,14.96,15.47
VRSK,173.7,170.94
VRSN,224.5,166.62
VRT,24.27,10.25
VRTS,273.01,181.29
VRTV,59.87,130.38
VRTX,208.76,268.48
VS,7.4,0.52
VSAT,47.55,40.82
VSEC,45.3,37.33
VSH,23.7,19.52
VST,16.18,25.48
VSTA,8.41,4.03
VSTM,3.87,1.25
VSTO,37.5,35.14
VTAQ,9.86,10.16
VTGN,2.97,1.02
VTIQ,9.79,9.8
VTIQU,9.99,9.8
VTIQW,1.07,0.29
VTN,13.35,10.42
VTNR,1.75,14.07
VTOL,28.25,29.76
VTR,55.4,56.21
VTRS,14.98,11.53
VTRU,14.5,16.59
VTSI,5.56,4.79
VTVT,2.35,0.51
VUZI,17.04,5.33
VVI,41.43,28.8
VVNT,13.87,5.44
VVOS,5.25,1.45
VVPR,6.52,1.34
VVR,4.22,3.9
VVV,32.43,29.78
VWE,10.09,7.65
VWEWW,1.9,1.62
VWTR,10.75,15.75
VXRT,6.22,3.24
VYGG,10,9.88
VYGR,4.04,6.05
VYNE,3.44,0.38
VYNT,3.65,0.64
VZ,56.48,50.68
VZIO,22.92,7.74
VZLA,2.24,1.39
W,311.76,45.51
WAB,81.12,86.36
WABC,61.22,58.51
WAFD,32.56,31.58
WAFDP,26.2,18.88
WAFU,6.82,2.21
WAL,96,75.61
WALDU,10.15,10.11
WALDW,0.94,0.95
WARR,9.7,9.9
WASH,51.68,48.08
WAT,321.14,317.45
WATT,2.58,0.91
WAVD,2.53,2.27
WB,50.66,20.56
WBA,54.19,42.08
WBS,54.74,45.81
WBT,19.73,23.45
WBX,9.95,9.85
WCC,103.67,113.77
WCN,120.76,126.55
WD,97.44,99.39
WDAY,236.57,158.77
WDC,73.05,56.6
WDFC,241.34,180.23
WDH,7.49,1.06
WE,12.21,6.41
WEA,14.53,10.88
WEC,94.21,108.28
WEJO,9.68,1.87
WEJOW,0.8,0.25
WELL,74.83,88.42
WEN,23.17,16.27
WERN,47.41,39.92
WES,20.2,26.02
WETF,6.5,5.8
WEX,192.37,156.41
WEYS,21.12,26.04
WF,29,35.54
WFC,46.09,43.29
WFCF,14.32,10.71
WFG,76.57,85.6
WFRD,11.25,31.56
WGO,69.33,44.28
WH,73.66,73.46
WHD,34.25,50
WHF,15.15,13.38
WHG,19.62,13.96
WHLM,4.97,4.5
WHLR,4.06,2.1
WHLRD,18.25,13.85
WHLRP,13.4,5.4
WHR,236.5,167.91
WIA,13.48,10.47
WILC,22.91,16.79
WIMI,5.23,1.66
WINA,196.2,188.87
WING,142.54,69.05
WINT,1.71,0.48
WIRE,80.84,118.6
WISA,3.95,0.73
WISH,7.84,1.47
WIT,7.61,5.89
WIW,12.81,10.84
WIX,252.44,62.14
WK,93.03,64.82
WKEY,7.43,1.49
WKHS,8.14,2.51
WKSP,7.73,2.01
WLDN,35.93,26.8
WLFC,44.42,33.3
WLK,99.21,124.19
WLKP,26.52,27.25
WLL,42.6,79.49
WLMS,4.98,1.67
WLY,61.72,50.98
WM,140.69,157.6
WMB,25.94,36.21
WMC,3.23,1.21
WMG,34.65,27.56
WMK,50.19,74.59
WMS,115.16,106.81
WMT,142.34,124.13
WNC,15.6,14.51
WNEB,8.13,8.35
WNS,74.46,71.63
WNW,7.33,0.64
WOLF,96.97,65.4
WOOF,24.03,15.14
WOR,63.69,43.76
WORX,1.54,0.76
WOW,15.85,21.93
WPC,75.42,82.74
WPCA,9.78,9.79
WPCB,9.77,9.76
WPM,47.89,42.75
WPP,68.86,55.36
WPRT,5.75,1.08
WRAP,6.94,2.12
WRB,51.21,68.76
WRE,23.23,23.93
WRK,57.5,45.24
WRLD,154.63,129.61
WRN,2.17,1.68
WSBC,37.9,32.75
WSBCP,28.05,25.75
WSBF,19.41,16.77
WSC,28.68,34.55
WSFS,50.8,40.51
WSM,166.99,105.47
WSO,285.72,244.05
WSR,8.29,11.94
WST,345.36,300.72
WSTG,27.64,37.45
WTBA,26.75,24.55
WTER,1.15,0.36
WTFC,77.65,83.05
WTFCM,28.12,24.95
WTFCP,28.28,25.99
WTI,3.6,5.97
WTM,1184.67,1190.38
WTRG,47.26,46.07
WTRH,1.9,0.18
WTS,132.58,126.12
WTT,1.61,1.4
WTTR,5.14,8.48
WTW,261.59,203.17
WU,24.29,17.36
WULF,9.4,2.87
WVE,6.52,1.31
WVVI,13.8,6.63
WVVIP,5.19,4.6
WW,37.66,6.17
WWD,120.41,97.4
WWE,57.28,61.66
WWR,3.95,1.13
WWW,36.11,19.58
WY,37.26,37.55
WYNN,129.03,58.19
WYY,7.12,2.82
X,23.61,24.32
XAIR,4.92,5.61
XBIO,1.82,0.7
XBIT,16.89,5.47
XCUR,1.61,0.12
XEL,71.24,76.26
XELA,1.53,0.23
XELB,2.59,1.19
XENE,18.83,26.49
XERS,3.3,1.96
XFLT,8.6,7.57
XFOR,8.75,1.23
XGN,13,4.62
XHR,19.09,17.28
XIN,2.37,0.88
XL,6.48,1.17
XM,33.35,13.95
XNCR,38.25,22.45
XNET,4.65,1.22
XOM,58.26,94.4
XOMA,29.5,17.26
XOMAO,24.28,25.2
XOMAP,25.43,25.2
XOS,9.87,2.57
XOSWW,1.3,0.31
XP,38.75,20.72
XPEL,80.27,46.18
XPER,20.25,16.17
XPEV,29.38,20.32
XPL,0.66,0.67
XPO,82.87,47.66
XPOA,9.84,9.88
XPRO,19.2,13.91
XRAY,67.1,38.1
XRTX,1.56,1.35
XRX,23.39,17.29
XSPA,1.3,0.72
XTLB,3.4,1.84
XTNT,1.38,0.56
XXII,4.83,1.7
XYF,5.12,2.72
XYL,116.77,81.95
Y,709.18,832.45
YALA,14.85,3.28
YCBD,2.96,0.81
YELL,6.2,3.31
YELP,38.1,26.74
YETI,85.75,40.5
YEXT,12.59,4.61
YGMZ,4.37,1.63
YI,9.19,1.44
YJ,1.88,1.03
YMAB,35.99,10.33
YMTX,13.76,1.05
YORW,49.44,40.56
YPF,4.51,4.43
YQ,18.88,1.79
YRD,3.88,1.79
YSG,9.84,0.39
YTEN,8.22,2.68
YTPG,10.1,9.76
YTRA,2.03,1.5
YUM,120.6,114.07
YUMC,65.19,40.35
YVR,1.8,0.37
YY,84.07,35.75
Z,112.55,36.94
ZBH,162.73,119.39
ZBRA,501.92,322.88
ZCMD,1.87,1.2
ZD,108.66,72.8
ZDGE,11.42,4.66
ZEAL,31.78,12.79
ZEN,137.07,88.18
ZEPP,9.7,2.04
ZEST,3.58,1.98
ZEUS,32.31,34.65
ZEV,8.08,3.47
ZG,113.77,36.4
ZH,8.45,1.33
ZI,42.12,34.61
ZIM,40.97,69.84
ZION,56.02,53.54
ZIONL,27.9,26.82
ZIONO,27.89,25.62
ZIONP,25.02,20.4
ZIVO,10.23,2.61
ZKIN,4.14,1.25
ZLAB,157.24,34.05
ZM,321.28,94.34
ZNH,35.27,25.87
ZNTL,56.6,20.73
ZOM,0.78,0.22
ZS,172.74,127.81
ZSAN,26.12,1.99
ZTEK,1.74,1.79
ZTO,32.22,24.78
ZTR,10.03,9
ZTS,176.62,163.05
ZUMZ,42.33,28.62
ZUO,14.78,9.07
ZVO,2.16,0.77
ZWRKW,0.75,0.16
ZWS,24.96,27.16
ZY,34.66,1.12
ZYME,28.76,5.81
ZYNE,4.95,0.92
ZYXI,12.85,7.08